id,pass
"0061281eea",True
"00950d1627",True
"0108518d1e",True
"01323211a0",True
"019afb4b4e",True
"01b5362cce",True
"01c033e116",True
"020678ec1b",True
"02117a400e",True
"0280db420c",True
"0280deb8ae",True
"029c321179",True
"02adf272e9",True
"02d40993ab",True
"0304e9ac37",True
"0389fc6012",True
"03a9a9f615",True
"03c9b5ffe8",True
"041925f04c",True
"0429d9759b",True
"044106f759",True
"045c5516a2",True
"04711cb760",True
"04c48c9743",True
"04cd9599a3",True
"0530b67189",True
"0532916483",True
"055ec918b9",True
"057eae4f34",True
"05a61e5799",True
"05c33e6854",True
"05d9351a35",True
"05f09b380c",True
"060f14fcee",True
"06289f69f8",True
"066e0ce4c3",True
"069035a9b5",True
"06a361fc57",True
"06d3201dd0",True
"07a81dccdc",True
"07e08eee37",True
"08173ef66c",True
"0829b44678",True
"084d3ed9c8",True
"08640ede7a",True
"08993551ae",True
"08c2070b20",True
"08f3346b8a",True
"09152018c4",True
"0937b1df3f",True
"0951f85203",True
"09541ce79b",True
"09b9330300",True
"0a1742c740",True
"0a19821a16",True
"0aabdb423e",True
"0b73b427d1",True
"0ba541766e",True
"0bca43f7ff",True
"0bdd44d530",True
"0c02f95a08",True
"0c19639aeb",True
"0c376f6728",True
"0c600207b1",True
"0c62ed4494",True
"0c6ec35477",True
"0cc1d0e4c4",True
"0cc3c31d1a",True
"0cc5805a92",True
"0ce8a6ae62",True
"0deadce8f1",True
"0df53ae04c",True
"0e53e6294a",True
"0eacc93ff3",True
"0eb52aa52a",True
"0ebe3ee1ad",True
"0ece337a15",True
"0ee8a744eb",True
"0f02cec809",True
"0f19680b4d",True
"0f5ada4dc3",True
"0f6e788cdd",True
"0faaf196b4",True
"0fb7b2772a",True
"0fc5ad7e3b",True
"0fd38464c3",True
"0fea4b5049",True
"1037da2ff7",True
"106e4043ba",True
"1075fa3200",True
"10a1a5b78f",True
"10aa115164",True
"10e835f9ab",True
"10f24c23af",True
"114397189f",True
"114d62da56",True
"114daa1bed",True
"116bd22fd0",True
"1263576548",True
"1267729ffd",True
"1268fbf8c2",True
"127ef4105f",True
"128f3b0e36",True
"12c92c9f70",True
"12d09b9fa4",True
"12e94a5a08",True
"130229ec15",True
"13209940d7",True
"132e30cffd",True
"13483cd62a",True
"136af05158",True
"1379940546",True
"13adf02399",True
"14152a6731",True
"1435d5602c",True
"146ec37657",True
"1495558064",True
"14a89a1840",True
"14c16f99d5",True
"14da113475",True
"14dcf18fb6",True
"155bcd4b4d",True
"15d079a8e8",True
"15d76f1672",True
"16207869ba",True
"168f625d62",True
"16cebad726",True
"16e308dbc3",True
"17113fd0bd",True
"1739b1634d",True
"174b478747",True
"174ebb49df",True
"1751290ca2",True
"176ad39bc7",True
"1790f3520c",True
"17a8b7e7f3",True
"17c5d2464c",True
"17d70fee5c",True
"17dd87aefa",True
"1804a4c064",True
"180f0a1854",True
"1821c518da",True
"182ea1798b",True
"185172060e",True
"18590f686a",True
"18ac660fbb",True
"18b26e968c",True
"18d013fced",True
"190ea39ec4",True
"196cffdb4b",True
"19902af6bd",True
"19cc342b91",True
"1a0996a817",True
"1a2918c9b4",True
"1a67b08604",True
"1a72cc3d3e",True
"1a8c4fd6ea",True
"1ac4fd8022",True
"1aef65e24b",True
"1af44a9db0",True
"1af9e4bbd8",True
"1b2c817dd0",True
"1b61e02423",True
"1b6919f87c",True
"1bd1c8c771",True
"1befe1ba44",True
"1bf062bda2",True
"1bfe4907c1",True
"1c02222ef8",True
"1c20fc4477",True
"1c3397d0ef",True
"1c37e37fbf",True
"1c41821d13",True
"1c8f6881ac",True
"1ca865b041",True
"1cb4733828",True
"1cc428e57e",True
"1d0c2fa004",True
"1d4e60eafa",True
"1d798aa5d5",True
"1d93614392",True
"1d9bc2591e",True
"1dbc694c5d",True
"1e2bad4d81",True
"1eaf42beee",True
"1ebc029ba0",True
"1ee0d5b4d0",True
"1ee82dabee",True
"1f1e11aee4",True
"1f33387a8e",True
"1f6afee5ca",True
"1f805e4733",True
"1fec8e839a",True
"1ff0aa7f05",True
"20349d0a12",True
"203f6117be",True
"20a4dad0c1",True
"20b11dcfb8",True
"2101c21f75",True
"211dca3b80",True
"212ba67b51",True
"212f074587",True
"216aa6275d",True
"216e2a7492",True
"217a70a0cb",True
"2226df3ca1",True
"22fdf96a54",True
"236a5cc090",True
"2388b3eb40",True
"23afbccfb5",True
"23b7bf14c5",True
"23c72b10cb",True
"23cdfc53fe",True
"23eb8cfbc0",True
"2424f4afc7",True
"24522ec665",True
"24bf79cd1e",True
"24cb80b5da",True
"25143d7837",True
"253eb71c3d",True
"254efd9043",True
"2556c23489",True
"2578042000",True
"2596227117",True
"25db231ea0",True
"25e519b494",True
"25f532d7cc",True
"26281da345",True
"263bd9dfd6",True
"26808abb2d",True
"268baf2d43",True
"268d39db25",True
"2717821409",True
"276807c93b",True
"2775c5f447",True
"27870bb184",True
"2787bfe603",True
"27c035c5ae",True
"27c4850501",True
"27de423ad3",True
"27e12cbcea",True
"27f923aac9",True
"285f4b2e82",True
"2886e27fb6",True
"289af097b0",True
"28ca5ff16f",True
"28df927e87",True
"28f6f52c8f",True
"2903f6a1db",True
"290e9d9748",True
"296de39be2",True
"299ba3cf34",True
"299ef808f6",True
"29b5ee6cf5",True
"29ea4f92c3",True
"2a16af2ae7",True
"2a26fb616b",True
"2a484baa26",True
"2a49169951",True
"2a6477aee8",True
"2a71003f75",True
"2a9190ed84",True
"2ae425e5a3",True
"2af008d773",True
"2af240d261",True
"2af3c055b2",True
"2b1e71c2a3",True
"2b30313d2c",True
"2b76b47947",True
"2bc179b78c",True
"2bc8a3db3c",True
"2bd913a165",True
"2bf5343f03",True
"2bfa664017",True
"2c3c64402e",True
"2c45b152f1",True
"2ce9c36a98",True
"2da763222e",True
"2e035505d6",True
"2e7921981a",True
"2ebe2eba03",True
"2eca5f70b1",True
"2ee6e81e4b",True
"2f493f72ff",True
"2f4fb95bb7",True
"2f5377ea9d",True
"2f746f8726",True
"2fa889172a",True
"2fb152d905",True
"2fd6d25adb",True
"2fe186a2c6",True
"2ff32a1188",True
"3004f41177",True
"302ea1ac81",True
"30307d5103",True
"306e6e7743",True
"3072ae3119",True
"30badffdd5",True
"30cb1002fb",True
"30d4fb116b",True
"314db606fd",True
"31a4341eb6",True
"31b003483c",True
"31b7874f49",True
"31ca053bec",True
"31d35c7c1d",True
"321f21e02f",True
"325cde4fa9",True
"3281bb7282",True
"32887c2719",True
"32f1039c61",True
"33159fbb9b",True
"335474f8ec",True
"3358462c1b",True
"33887a0ae7",True
"33dfce3a76",True
"33dfe8b243",True
"3406ef6042",True
"340c808130",True
"340fe814a3",True
"343b0359b5",True
"34bd0facd2",True
"34e51dba6a",True
"351ea99ec3",True
"3531c9193f",True
"358b9acfb5",True
"3598c246d7",True
"35ba6f2faf",True
"35fd991255",True
"362cec7849",True
"3634f29aac",True
"365abbdf77",True
"3662fffe30",True
"3685aa0e78",True
"3687839ecc",True
"36a6901cae",True
"36aa21019e",True
"36ad52a2e8",True
"36db23ceb8",True
"36e68393b6",True
"36f332bd11",True
"36f9ab3ee0",True
"3734601c15",True
"3792be0845",True
"3794cd4d73",True
"380ff30e30",True
"3822f73c1c",True
"38232d1fe3",True
"38438eab6c",True
"384d50db49",True
"3862950849",True
"387b6956c4",True
"38a15dee44",True
"38c0d9ca8e",True
"38ed2aa7cb",True
"393f2db0b0",True
"3975043a11",True
"39cd06da7d",True
"39f101a807",True
"3a3281b37d",True
"3a3e1e824d",True
"3a58606814",True
"3bf70b71cd",True
"3c10a71f62",True
"3c30b8e27b",True
"3c35e3ad94",True
"3c7e2d60a7",True
"3cb59a4fdc",True
"3cd0ce6e18",True
"3cd4d01b7d",True
"3ce657b8f7",True
"3ced3ed63e",True
"3d4bc58424",True
"3d781526c2",True
"3d99801810",True
"3da729cae9",True
"3dae882971",True
"3de0c773e1",True
"3df62de11d",True
"3e1c11cfa8",True
"3e84576386",True
"3e87545802",True
"3e8b5729dc",True
"3ec30a713c",True
"3ed6168b22",True
"3ed6d1c7df",True
"3ee1cfb6a6",True
"3ee87f1ea6",True
"3f2865df45",True
"3f76f25042",True
"403cb8f4b3",True
"4079c73376",True
"407bd44d31",True
"40a7f422e2",True
"40aaac97b1",True
"40bb5a9cbe",True
"40d96e8022",True
"40dcff68b3",True
"40e8e14e60",True
"40fbc03558",True
"4161f35a4f",True
"418a13df5c",True
"41a4f7424e",True
"41cfd4b320",True
"41e173a1e5",True
"423800be38",True
"42758bb41a",True
"429b289e07",True
"42a3baf571",True
"42b9ff31aa",True
"42d64f2d78",True
"43001d32e7",True
"43ec939286",True
"443985b709",True
"444c32935c",True
"444dcc147b",True
"44d745a704",True
"44e3f20074",True
"44edd661a0",True
"4520536c03",True
"4541761ba4",True
"458a05615e",True
"45b5f91d83",True
"45f292bb41",True
"4630209118",True
"465486e6ec",True
"4696bb53e6",True
"46b424e067",True
"46b7364b81",True
"46bbe12b2c",True
"46bec86213",True
"4776354474",True
"47aba1e35c",True
"47bd268dcd",True
"483b35d589",True
"486ae46ba0",True
"48d34846d7",True
"48d81e93d9",True
"48db3b8c5f",True
"49336bb17b",True
"494daad56b",True
"49d061af38",True
"49fe2ee7ba",True
"4a27de03fc",True
"4a39459597",True
"4a5595076f",True
"4a7418a5e6",True
"4a8d55bdf5",True
"4ac19fb269",True
"4b15912a41",True
"4b2af55ae6",True
"4b3502ca99",True
"4b522e501e",True
"4b72e35b8b",True
"4b873df7a2",True
"4bb8260218",True
"4bc87727b5",True
"4c7f2b2c18",True
"4c8132dc73",True
"4cfee4b097",True
"4d2ede6b7a",True
"4d341171a4",True
"4d4adc5623",True
"4d58e8d8ff",True
"4d6121dae0",True
"4d7b42314d",True
"4d9fa2d97f",True
"4e3ccf37ee",True
"4e5d643b2f",True
"4e86258646",True
"4ebed82264",True
"4ed12ec89a",True
"4ed2467e7c",True
"4edadcf4c4",True
"4ee5d2c629",True
"4ef0559016",True
"4f02bab289",True
"4f105993c5",True
"4f5df40ab2",True
"4fbda008c7",True
"4fdc882e4b",True
"500d909b87",True
"5081bad441",True
"50d3073821",True
"5108785aaf",True
"51179a1815",True
"51acfd1399",True
"51ede1c702",True
"52667992f8",True
"526d63530a",True
"527c3abd5f",True
"528cb6678c",True
"52914952d6",True
"52ac7bb4c1",True
"52e7de7430",True
"5343d4837c",True
"53485dc0d9",True
"535503063e",True
"5378360450",True
"537f18bd97",True
"5395202313",True
"53c79255ba",True
"53dab98a36",True
"53de66df2a",True
"53e17edd83",True
"5423d6049c",True
"543acdb5f7",True
"5446a64ba5",True
"5448c46aac",True
"548887f17d",True
"5489419bef",True
"54a3636ba6",True
"54cb8bdbe2",True
"54dd074cd7",True
"54e2419450",True
"553733b17b",True
"55a49950a0",True
"563191e71a",True
"565d2342f2",True
"566ac48e00",True
"56a4e5c1e5",True
"56ac0f17be",True
"571e63d0bc",True
"57293a65d5",True
"572f0b1ad8",True
"578b502c6d",True
"57904adf94",True
"57e0cff707",True
"581e7f38d7",True
"58777a8c79",True
"58d177c0d0",True
"58de316918",True
"58f752db3b",True
"59092e355d",True
"590e32af63",True
"590e6bdbef",True
"59944f0f92",True
"59ceec4f7c",True
"5a02df7676",True
"5a3c38104c",True
"5a6f57c150",True
"5a6fa22207",True
"5aee63c515",True
"5b217529e7",True
"5b28c5ba50",True
"5b7c160d0d",True
"5be9925bca",True
"5bf5d82829",True
"5bffe3b52f",True
"5c28eec331",True
"5c51c23a7b",True
"5c70da6c2d",True
"5cf1f1e7f0",True
"5d07e84138",True
"5d6126f459",True
"5d7424eab2",True
"5dfa4cfa2d",True
"5e09ef27a6",True
"5e350fa662",True
"5e58ed4adb",True
"5ebe9e404d",True
"5ecf1f5cb4",True
"5ef096aeac",True
"5f397e0074",True
"5f3b26ac68",True
"5f43816c42",True
"5f45291a7a",True
"5f8370ed60",True
"5fabfdc0b6",True
"5fc8bb94aa",True
"5fd2a3ef64",True
"5fd411e302",True
"5fe333fd26",True
"5ffd928d1e",True
"6010b9b84d",True
"60584b31d8",True
"60dccbc52f",True
"61321814ce",True
"6138f82415",True
"613fb95edf",True
"6153c227de",True
"617c746fca",True
"618f843c7a",True
"61b42f8f0e",True
"61bd2ee822",True
"6252a820da",True
"628f1de539",True
"62aad7556c",True
"62d30854d7",True
"62df3565cd",True
"63193879b4",True
"631dacfc0f",True
"6397715bb4",True
"63bed65d65",True
"63d3cf63be",True
"63e32c0cfb",True
"640ceb328a",True
"642c62a158",True
"645abba5ec",True
"6460ce2df7",True
"64baad8029",True
"6576184a08",True
"657f2c34f7",True
"65a55b69b7",True
"65d05b81c6",True
"65e01bd65f",True
"65ef110246",True
"66073ddce1",True
"665e84dc42",True
"66891ec970",True
"668b41c03e",True
"6698a570b8",True
"66b4280f4e",True
"66c603a013",True
"66cd32da94",True
"66cd349922",True
"66ced55b7d",True
"66cf41c563",True
"66cfa202e5",True
"66fed16154",True
"670d9655d5",True
"67a8e23baa",True
"67bc6ac1f4",True
"67d3486ac8",True
"67db09fda5",True
"67dfa4bcf5",True
"68a2df3195",True
"68b593f903",True
"69013a70ab",True
"690281a93d",True
"69098163e1",True
"690b1ce5f7",True
"691dc0bc42",True
"691fec8ce2",True
"697fee88c5",True
"699608ddb7",True
"69cddf572c",True
"6a0f5a8b42",True
"6a105e7555",True
"6a1783be17",True
"6a1fd3c67e",True
"6a1fe1a81e",True
"6a6b42a6f2",True
"6a6ebb2255",True
"6a7506aa1e",True
"6b377327b1",True
"6b5b7c0ff3",True
"6b996daecc",True
"6bc4c91c27",True
"6c4568e51c",True
"6c793e5879",True
"6c8ad32f36",True
"6c95018d5c",True
"6cc7ba6c56",True
"6cf284fb9e",True
"6d17d3be2d",True
"6d8a8e2e6d",True
"6d9b6a2c4b",True
"6d9be2f492",True
"6dba47cc58",True
"6ddd6a2ec1",True
"6dea52e54d",True
"6dfaae4996",True
"6e1444d88d",True
"6e86fed535",True
"6ea5191e2a",True
"6ec6e26ddd",True
"6ecba60505",True
"6ed0ef14db",True
"6edba13f1b",True
"6ef46555e2",True
"6f5c2712b1",True
"6f78817a2d",True
"6fe4017680",True
"7074e402ca",True
"707f14c59a",True
"70a32506ab",True
"70b6a2347f",True
"70c8e14243",True
"70ca8ebf7b",True
"70d9a282d1",True
"7134e4acac",True
"7140b36ff6",True
"71438f26ec",True
"71ef380e21",True
"71f6fcb48a",True
"71f724c7ef",True
"725d92524a",True
"72e1a1b225",True
"730eee262c",True
"734df57cdf",True
"7361f4e5bc",True
"73a2f6fb22",True
"73a3712fcd",True
"740d34befe",True
"7469baeb8d",True
"748f8f4106",True
"74d53a0d53",True
"74d7a9df8b",True
"74f00bb214",True
"7504d73df8",True
"7524d9b7bf",True
"7555f79a2c",True
"7576a8a091",True
"7588e9645a",True
"75ad49564c",True
"75eaea4cdb",True
"75fb579aa2",True
"761eaf3fa4",True
"7633c6bb70",True
"766784f810",True
"76761b2a41",True
"76c76f8056",True
"76d080ed6f",True
"76e1428103",True
"7738fbabca",True
"774ee8afcf",True
"776bdf9043",True
"778a92f420",True
"7796858a9b",True
"77abc5ed21",True
"77acb619e7",True
"77c071c12d",True
"782ae9b7e7",True
"7845115d01",True
"78b2d05419",True
"78be8270bb",True
"78c50b3977",True
"790f497dc8",True
"792929a4c8",True
"7972b70832",True
"7a095f0b21",True
"7a0c8915be",True
"7a0f1e9b45",True
"7a2cca4fe5",True
"7a2eebff84",True
"7aa7e1b355",True
"7aebdeb9a7",True
"7aef9898fa",True
"7af5b00299",True
"7af84fef71",True
"7b0c7e28f0",True
"7b4ccb8113",True
"7b596fc561",True
"7b5d5d40fe",True
"7b815ae7fb",True
"7ba58ee1be",True
"7beceb5850",True
"7bf203a987",True
"7bfd026d91",True
"7c0b76979f",True
"7cbfebdf9d",True
"7cc53fe88b",True
"7cf386709a",True
"7d0cea3489",True
"7d14f8cfe3",True
"7d41b0a6e1",True
"7d8b219e1c",True
"7d963e0f5d",True
"7d9f0dacd0",True
"7de09d894b",True
"7deaf30c4a",True
"7e138bf911",True
"7e5cdca0b7",True
"7e68df3981",True
"7e7276d088",True
"7e78a47cee",True
"7e9e46174c",True
"7ec803b58a",True
"7ed0489985",True
"7ede03dede",True
"7f01757d4c",True
"7f0825a2f0",True
"7f0bdb5e31",True
"7f0e67d5ec",True
"7f2642a14a",True
"7f2694ca3f",True
"7f826d312e",True
"7f99abfc11",True
"7f9f13c0d0",True
"7fadb8efe8",True
"7faea04242",True
"7fc1ce1cb4",True
"800daf6ac1",True
"802df9bb5e",True
"804fcfaf4b",True
"809cb34e8d",True
"80a458a2b6",True
"81c77c1b6c",True
"81fa3d59b8",True
"8201005b79",True
"8270908d6a",True
"82a285227e",True
"82c316179b",True
"82c340f4e5",True
"8320911258",True
"8329ec9395",True
"8343ad9ed8",True
"834861f1b6",True
"83558aa4b8",True
"8367b54eac",True
"83967f4314",True
"83bb4578eb",True
"83be4b6836",True
"843e8ec44e",True
"843f9892ef",True
"8457263314",True
"84b5568c2a",True
"84e23dba29",True
"84e305da04",True
"84e540208f",True
"84eb2c400b",True
"851498c095",True
"853e89d0d3",True
"8555cb627a",True
"857e511397",True
"85e6b4cb1c",True
"8620f40403",True
"86365721e2",True
"86866ba71d",True
"8686b3a5d4",True
"8693030eb3",True
"869f99406d",True
"86bc03a8a6",True
"86c1109730",True
"86f2fd7025",True
"870be46a42",True
"876e6423e6",True
"87725b728a",True
"87afd4b1ca",True
"8811181716",True
"8824cdcbf0",True
"884cd7af00",True
"885c2a90f5",True
"886c96ffb8",True
"88839f49f9",True
"88a5c49514",True
"89097ab99b",True
"89165071a4",True
"891fa63295",True
"89562d9f7d",True
"8978bc57b7",True
"89af21b6ee",True
"89dba191b1",True
"89dc091930",True
"89dfb7ba1d",True
"89e7c93d0c",True
"8a4671cb47",True
"8a55cca47a",True
"8adaa82868",True
"8ae916bb5c",True
"8b0478ed02",True
"8b0d16466b",True
"8b11113861",True
"8b4189c2a4",True
"8b5d38c547",True
"8bc707feee",True
"8bf499cb0c",True
"8c232a1cf8",True
"8c38199b15",True
"8c477d6abf",True
"8c4ac14f53",True
"8c916f9cb5",True
"8c9a0ea088",True
"8ce5996371",True
"8cf3a6a6f5",True
"8d141a0b7a",True
"8d89d465fc",True
"8d9314a9f4",True
"8daf098aa9",True
"8db5bf9be2",True
"8db9dc4a62",True
"8dc946b34d",True
"8e280f2c87",True
"8e2e3afdb5",True
"8e3228d793",True
"8e48de3b3b",True
"8e93b66386",True
"8ebceef687",True
"8f16b2685d",True
"8f39d964c3",True
"8fd4178b11",True
"903180c447",True
"904f3fc07a",True
"9067effd34",True
"90704ffe69",True
"9090f8f97b",True
"90990cd2ba",True
"90b14e3f04",True
"90b1a59d1b",True
"911efbb175",True
"9126bbe228",True
"9146f2afd1",True
"916aff36ae",True
"919157e393",True
"919bc0e2ba",True
"91b91fd79b",True
"91bb8b5dbb",True
"91bfe61493",True
"91ea3f1227",True
"923249032c",True
"923473085f",True
"9258e48804",True
"9267f6cf9c",True
"92895cb54f",True
"92c91d1494",True
"930183efe5",True
"9347c39706",True
"934cd14205",True
"9358b1fa7a",True
"937ea43a65",True
"9382a047a8",True
"939879034e",True
"939c88a964",True
"93a1541218",True
"93a8901635",True
"93b51f6335",True
"93b8ec180f",True
"942d3bfbf3",True
"9447159eb7",True
"9494906f54",True
"94b3a9ed9c",True
"94c8aad517",True
"94c94ee7b6",True
"94e7558e32",True
"9511856b03",True
"9539d280a6",True
"954502fb12",True
"95af8ca744",True
"95d3841a53",True
"95f6e2b2d1",True
"961b1310e9",True
"96216dae3b",True
"963189b39c",True
"963210b127",True
"964030c032",True
"96523f824a",True
"9667824566",True
"966fb0cdbb",True
"9678fb935e",True
"96857148ca",True
"96aeb8d018",True
"9704b1ba61",True
"9718102ef6",True
"973a4f6dad",True
"976fcded4d",True
"9790f7880b",True
"97a10a3ba0",True
"97a653e83c",True
"97adf32d4d",True
"97e2c6b5c5",True
"97e78a5448",True
"981f73e811",True
"9874f75819",True
"98870eab9e",True
"9895f188e8",True
"9898ce93d6",True
"98c6496076",True
"992572448c",True
"999ae650f6",True
"99aefa9443",True
"99b602dde4",True
"99bf605daa",True
"99d3fbf9f1",True
"99d7f0c538",True
"99ee31b5bc",True
"9a1fbef3e3",True
"9a3abd0ba6",True
"9a4b15919d",True
"9a4db0d7aa",True
"9a6c280d8d",True
"9a6cf411ff",True
"9ad32f3c66",True
"9b29ca561d",True
"9b585a2ea0",True
"9b80cf8992",True
"9b9c107a62",True
"9ba564058f",True
"9bbb4c7c34",True
"9bd58061d6",True
"9befc65890",True
"9bf8f84094",True
"9c4c524983",True
"9ca520f895",True
"9ca84742ef",True
"9cb42834b3",True
"9ce55dc2c9",True
"9d173ec22a",True
"9daa6c133f",True
"9db11d4414",True
"9dcb043fa9",True
"9dde6475f9",True
"9e426ec524",True
"9e64fc57aa",True
"9ea0525027",True
"9eb4a10b98",True
"9f0c9f3b90",True
"9f0ebbd210",True
"9f224c71b1",True
"9f3b8d0186",True
"9f459445b6",True
"9f96821d81",True
"9fe707f837",True
"a038a2d781",True
"a042e73fee",True
"a05da102a2",True
"a0729c7a02",True
"a076699b79",True
"a07c1fd090",True
"a0c156a4c9",True
"a10b932fb3",True
"a12cbb17e5",True
"a141ed0c99",True
"a15eff2958",True
"a163126d96",True
"a1e32a6815",True
"a21ae8cb6b",True
"a24080b4a0",True
"a245c6d001",True
"a266a2a9df",True
"a291ef5d83",True
"a2a012f128",True
"a2a9c0c00a",True
"a2bce9d94a",True
"a2da67afff",True
"a3079aded1",True
"a32a4a2256",True
"a32b0d0cd7",True
"a33ef5ed68",True
"a35792b156",True
"a3605816c1",True
"a37249665e",True
"a3bea8f266",True
"a3de137406",True
"a3e89a273d",True
"a41357f553",True
"a4442fef48",True
"a4932322ce",True
"a4c734f1a8",True
"a4e5b9902b",True
"a4e8ba21d1",True
"a4fb7072d6",True
"a5005ea567",True
"a50ac7d1e2",True
"a5299290bb",True
"a54d582262",True
"a562619124",True
"a568cc8273",True
"a5805697c1",True
"a5d188bbd7",True
"a5eedd418a",True
"a60daba969",True
"a633b127fc",True
"a659530342",True
"a6625b8937",True
"a6a3383416",True
"a6c2605919",True
"a6ec5aa914",True
"a6f4e0f8b5",True
"a701844e9a",True
"a70b2204f0",True
"a71bdf1af7",True
"a72f220de9",True
"a7b1f4bae1",True
"a7b918d80e",True
"a7cfa30d35",True
"a7f4b8d36e",True
"a849a4e373",True
"a8503e0dc8",True
"a854446118",True
"a89d1999ec",True
"a8e5845bf9",True
"a94450f57e",True
"a962f4c9b6",True
"a970e82aac",True
"a98ab1c549",True
"a9ab1afe01",True
"a9b7fa7e0d",True
"a9ee40cf0d",True
"aa1c0ba47b",True
"aa1cd9fb71",True
"aa21ba676c",True
"aa94cfb806",True
"ab18a0a7fa",True
"ab6dfe07be",True
"ab7d09443f",True
"ab82b9e44e",True
"abbfb56731",True
"abcc448c24",True
"abd1e3e008",True
"abe74273c8",True
"abfed46705",True
"ac03463615",True
"ac1ea6faa4",True
"ac412e6d55",True
"ac7df612ff",True
"accb644c9e",True
"ad2fa649f7",True
"ad5454050e",True
"ad6e3961d4",True
"adf2a57778",True
"ae11c7b131",True
"ae2ef70d51",True
"ae61c09508",True
"aeb36c1964",True
"aeba5383e4",True
"af171a3570",True
"af296d1c0a",True
"af6fe9a9c8",True
"af71ca4ab3",True
"af7e9d7648",True
"af84304233",True
"aff87f7ba7",True
"b012e9ebb0",True
"b014624db2",True
"b07fc3b87c",True
"b0d8f26ad8",True
"b10fa280bf",True
"b112d9993c",True
"b15313d4e8",True
"b172bd2032",True
"b183b2ddc4",True
"b1be1fa682",True
"b1f0e104f5",True
"b202b6b3d4",True
"b221ece24b",True
"b240582de8",True
"b24d3673e1",True
"b28690f7ad",True
"b28aeb78e0",True
"b2958f2747",True
"b2c6b8cf57",True
"b2f87059da",True
"b329b390e4",True
"b3396387a6",True
"b33b1f9db6",True
"b33d57c4be",True
"b35b1b412b",True
"b393a57640",True
"b3ad13d9e9",True
"b3b37c152d",True
"b3f6affa39",True
"b45ad3932e",True
"b45f9383e9",True
"b4b225aaa8",True
"b4e23ae450",True
"b4f6d6f1aa",True
"b506085af9",True
"b51c130238",True
"b525824dfc",True
"b5448cb40a",True
"b5893fc541",True
"b5e1371b3b",True
"b60fbb288b",True
"b6520147bb",True
"b6604d4bd6",True
"b6aa5c7ab4",True
"b6bbd06618",True
"b6bca345bb",True
"b6c52b4a53",True
"b6e57d954e",True
"b6ebc3831e",True
"b6f907680a",True
"b70f0ab0c2",True
"b74ecdfe20",True
"b7c462dd1c",True
"b7ec14f5e4",True
"b8236d92ff",True
"b839f805f9",True
"b890b261a0",True
"b8a9602e21",True
"b937f4558c",True
"b942b38a45",True
"b9614348f4",True
"b964244dfd",True
"b9a7c521ac",True
"b9afd7b728",True
"b9ebcbc115",True
"b9fcc34ef3",True
"b9fd9429e3",True
"ba045610d1",True
"ba1287cb48",True
"ba2a5fbf4c",True
"ba6970504c",True
"ba705c8398",True
"ba836c5ae1",True
"baa743f4b4",True
"baac3469ae",True
"babbac4cf9",True
"bb2160921c",True
"bb455284f1",True
"bb63bcb48a",True
"bb9af788f8",True
"bbb5279a06",True
"bbb762835a",True
"bc3156b1e4",True
"bc5ee94de7",True
"bc79fe1a3a",True
"bc7e49ee18",True
"bcbe3c0ee2",True
"bcd1e64c58",True
"bce104494c",True
"bd20d18369",True
"bd4f797d33",True
"bdb9ba462f",True
"be18a24c49",True
"be1c8cbf1f",True
"be1f425eac",True
"be6cf5cf86",True
"be7014887d",True
"be90ab3e56",True
"be9ce6a9d7",True
"befdfcbe5b",True
"bf00a0ab71",True
"bf294b9661",True
"bf71bff284",True
"bf76c8aff3",True
"bfb0e22b53",True
"bfbb9b9149",True
"bfbea83faa",True
"bfcd0fb5ac",True
"c00c4b8814",True
"c023a62b96",True
"c026a17632",True
"c038f6fbe4",True
"c092a99d23",True
"c09f4e95e8",True
"c0a37fef54",True
"c0cbdabcc3",True
"c0ef23e386",True
"c10ff1398a",True
"c1190c9c37",True
"c137712b61",True
"c1431cfade",True
"c202c25557",True
"c20c019650",True
"c230cf2a94",True
"c23d957c59",True
"c2485cb6c3",True
"c256f6e713",True
"c27409a765",True
"c2973c16f1",True
"c29c36a1e8",True
"c2ca0ed857",True
"c313a1ad7d",True
"c32752c00f",True
"c33df3d7ad",True
"c33e3a20a4",True
"c37e74bffc",True
"c387a012fc",True
"c38e2a42e3",True
"c42d63b0e6",True
"c45c9617bf",True
"c4b05c2eaa",True
"c4b4099179",True
"c4ed7cdb1c",True
"c4ee594685",True
"c4f2799234",True
"c4f5a0fa36",True
"c5327d784b",True
"c5493cc7b0",True
"c56524ded9",True
"c5745e04ff",True
"c576ef893a",True
"c58b6277c7",True
"c59e5f46c0",True
"c613a090a4",True
"c6612326fa",True
"c701db91e2",True
"c72b546073",True
"c7408f1d38",True
"c74ef130f0",True
"c756ff4e1f",True
"c78996aa02",True
"c80f09bee6",True
"c82dabf9b1",True
"c83d9529bd",True
"c89eda8701",True
"c8adc706f5",True
"c8bd99cbb0",True
"c8ce151a18",True
"c95d3f1510",True
"c98dfd50ba",True
"c9a1fd48f6",True
"c9a2990f76",True
"c9da9c3d42",True
"c9f7f4020f",True
"ca511bc319",True
"ca78405cea",True
"caa039b231",True
"cab2f6614c",True
"cabe5c94b2",True
"caccd6708f",True
"cadb46b378",True
"cb2acfd639",True
"cb677fab7a",True
"cbad345488",True
"cbe33c57c4",True
"cbeab7807d",True
"cbed0283ff",True
"cc70a60681",True
"cc97e87765",True
"ccc41663c6",True
"cced2adf43",True
"cd5c9532e4",True
"cd5cd074f1",True
"cd69ee839f",True
"cdc7d77e77",True
"cddb50fb4b",True
"ce06c157c1",True
"ce14d335bf",True
"ce16b0d0bc",True
"ceca04aa2a",True
"cf706fb35a",True
"cfb8e5c36e",True
"cfdc385955",True
"d0319f0ec5",True
"d0bbe4fd97",True
"d0cba16846",True
"d0e8c9833f",True
"d12d5894b8",True
"d175b3b3cc",True
"d17eee846e",True
"d19827b32b",True
"d1c9be7e25",True
"d1f8ba2f02",True
"d21012f5c1",True
"d21e3d7843",True
"d25a2d736a",True
"d26e890704",True
"d27831fef2",True
"d2b40a2781",True
"d2b77b255b",True
"d2c800e9f5",True
"d2ea97ca4e",True
"d308ec69d3",True
"d30ad7d936",True
"d30e73de0c",True
"d369e6b550",True
"d3c9529867",True
"d3f2336daf",True
"d433300064",True
"d453812357",True
"d45b4f3b85",True
"d468d401ab",True
"d47c78058a",True
"d4acb30303",True
"d4d2ed6bd2",True
"d4d34af4f7",True
"d5023a3662",True
"d58653f803",True
"d5a283c553",True
"d606f4a578",True
"d61250af0c",True
"d62ad254c6",True
"d6379c1f18",True
"d6cba9f9de",True
"d6e2bb1586",True
"d7215eb198",True
"d7398cfded",True
"d7506a6a38",True
"d765e53b37",True
"d7cf3bf4e9",True
"d7e6e1323a",True
"d7f48d294e",True
"d7f7a9f48a",True
"d80ead8703",True
"d83a74a082",True
"d859ee2145",True
"d8b1bbbfdf",True
"d8b2dc2e8a",True
"d90473fc86",True
"d916ac7864",True
"d9457c3b1c",True
"d967181724",True
"d97f94a2dd",True
"d991b7a689",True
"d9a52dc263",True
"d9e45a7fab",True
"d9fb5b47e2",True
"da0f021c5b",True
"dab1d67df7",True
"dae1555fbf",True
"db02a30bb8",True
"db0bc63d60",True
"db1eeaebb4",True
"db819c45e5",True
"db840e1e22",True
"db9bb00470",True
"dbcfdf17a3",True
"dc4a1c9a30",True
"dc7c506beb",True
"dca83468d2",True
"dcbb6474ee",True
"dcca0c8297",True
"dce4c70a99",True
"dd11ae96e3",True
"dd580d1681",True
"dd5a90cf89",True
"dd6a04d456",True
"dd87f1a21f",True
"ddcb457a07",True
"ddd3099877",True
"dde0ee264b",True
"de08c5a3b7",True
"de261976e6",True
"de7202d286",True
"de7af15747",True
"deaa0ab2b8",True
"df344e0599",True
"df3a1c2d7b",True
"df47f2e681",True
"df8c73e52b",True
"df8caa8bdf",True
"df8d9625c0",True
"dfa4d727b8",True
"dfae9e48e8",True
"dfc8a378b7",True
"e030bdae65",True
"e099e54eee",True
"e0cfbbcb0c",True
"e0f030eb66",True
"e11123ab8b",True
"e12aab98e6",True
"e12cd094a6",True
"e1323691be",True
"e185ab5dc1",True
"e1bd09e50b",True
"e204511fd2",True
"e23a93a95e",True
"e2421eee13",True
"e27400528c",True
"e2810cc777",True
"e2a70ffdf6",True
"e2d3957c95",True
"e2dd6ebd6b",True
"e2e4fcf83e",True
"e2f397d206",True
"e335542c17",True
"e358121d19",True
"e366f9d62b",True
"e37b8208fa",True
"e39ded223d",True
"e3cded005d",True
"e3e1afe993",True
"e437c3912d",True
"e446b0b4b6",True
"e45c509f80",True
"e476b868ef",True
"e4be64c1fb",True
"e51bea30d0",True
"e51e614146",True
"e560423302",True
"e5a6b92463",True
"e639615636",True
"e69330b40a",True
"e6a78e36b5",True
"e6caf5eb81",True
"e6e3e58c43",True
"e6f86c83e2",True
"e73ed6e7f2",True
"e7442307b1",True
"e799fcac15",True
"e7c54b5f4e",True
"e7f63a219f",True
"e843caea8f",True
"e86361f5d1",True
"e875c9a960",True
"e89272a29b",True
"e8cf12563d",True
"e8d8b35601",True
"e8f3e42b14",True
"e927f91b12",True
"e92f67b3c7",True
"e98557c9f3",True
"e9ce8188b9",True
"e9d39cddd7",True
"ea1270a8b2",True
"ea1a6e1b33",True
"ea2f1fa62f",True
"ea3cdbd7cd",True
"ea54256d21",True
"ea5dd02892",True
"ea6f13458b",True
"ea9dfe6f60",True
"eac3fb300e",True
"eb23ddad08",True
"eb91416afe",True
"ebcd41b5f1",True
"ebe64e1d15",True
"ebe8198105",True
"ebf89446f2",True
"ebff5f719e",True
"ec10996820",True
"ec3130dd0b",True
"ec5db065d9",True
"ec61b48efb",True
"ec649a86b2",True
"ec817961a2",True
"ec9ba7900d",True
"ecdd648857",True
"ed2b73840d",True
"ed7251fc01",True
"ed761ad8ef",True
"edd5fc6648",True
"edea91429d",True
"ee3b4b8c91",True
"ee5e9e4570",True
"ee7ff3b2fe",True
"ee94d2281f",True
"eec46ec66b",True
"eec5e72dad",True
"eeecc7ab39",True
"ef03d3e2fa",True
"ef060b82b1",True
"efc705478f",True
"f06ef6c8b7",True
"f0c401b64b",True
"f0e7e06354",True
"f0e99e9761",True
"f0efea3879",True
"f115ca6981",True
"f11f8eab00",True
"f19b7d20bb",True
"f1b1f57aee",True
"f1e4acdd7b",True
"f20521b7f5",True
"f234066134",True
"f2598805e6",True
"f288e998f5",True
"f2e9faa785",True
"f2f0278d02",True
"f2fcceee25",True
"f3220c3590",True
"f34ae8f3d4",True
"f3ee165cd0",True
"f3fd020f27",True
"f409d55fee",True
"f429b8e6f8",True
"f43f1e7456",True
"f454efbd20",True
"f456e3161d",True
"f45dbe6541",True
"f4638e7428",True
"f463f6b15b",True
"f4f0fd932e",True
"f4feed1635",True
"f503aaf699",True
"f57e741b5b",True
"f59821d067",True
"f5b2861c9b",True
"f5c2e66754",True
"f5ffe74512",True
"f6009f764c",True
"f62410bce9",True
"f641699848",True
"f64190c47e",True
"f6576d4cbe",True
"f6a89b6f89",True
"f6e87c1458",True
"f70f3b7b95",True
"f7380099f6",True
"f75842e215",True
"f7dc2b2c9a",True
"f7e555a0aa",True
"f7e8060b57",True
"f7ff576dc4",True
"f807851f5a",True
"f839d20b06",True
"f87154ea7b",True
"f8921580bb",True
"f8ca1f5c5a",True
"f9629f4e29",True
"f992390442",True
"f9a3d103d7",True
"f9d03271d6",True
"fa59461848",True
"fa9b3f2aa9",True
"fad11bf2fa",True
"fadd6aa446",True
"fb1e8578cf",True
"fb3392fee0",True
"fb47e8e74e",True
"fb58510ec6",True
"fb5adc8df0",True
"fb81781b44",True
"fb9b58527c",True
"fbf380831b",True
"fbf5c91d9e",True
"fbf64b5ea0",True
"fbfa863bd4",True
"fc13dabcbb",True
"fc1ca2fbc8",True
"fc4c223773",True
"fc6e9d0385",True
"fc8f0668fb",True
"fd0d237b01",True
"fd1be18f7d",True
"fd423b9cbf",True
"fd51e63c83",True
"fd5c3c20d6",True
"fd63516ff4",True
"fd949b5ab7",True
"fd998a993b",True
"fdd73141d6",True
"fde2b51fb2",True
"fe6e74532c",True
"feadf0e85d",True
"febd1d2a67",True
"fee35c9fa9",True
"ff038e87b1",True
"ff1e8ed948",True
"ff238df1c4",True
"ff89e5e3cd",True
"ff9b7d0d2e",True
"ffce5bbb9a",True
"fff987cdb3",True
"generated_0000",True
"generated_0001",True
"generated_0002",True
"generated_0003",True
"generated_0004",True
"generated_0005",True
"generated_0006",True
"generated_0007",True
"generated_0008",True
"generated_0009",True
"generated_0010",True
"generated_0011",True
"generated_0012",True
"generated_0013",True
"generated_0014",True
"generated_0015",True
"generated_0016",True
"generated_0017",True
"generated_0018",True
"generated_0019",True
"generated_0020",True
"generated_0021",True
"generated_0022",True
"generated_0023",True
"generated_0024",True
"generated_0025",True
"generated_0026",True
"generated_0027",True
"generated_0028",True
"generated_0029",True
"generated_0030",True
"generated_0031",True
"generated_0032",True
"generated_0033",True
"generated_0034",True
"generated_0035",True
"generated_0036",True
"generated_0037",True
"generated_0038",True
"generated_0039",True
"generated_0040",True
"generated_0041",True
"generated_0042",True
"generated_0043",True
"generated_0044",True
"generated_0045",True
"generated_0046",True
"generated_0047",True
"generated_0048",True
"generated_0049",True
"generated_0050",True
"generated_0051",True
"generated_0052",True
"generated_0053",True
"generated_0054",True
"generated_0055",True
"generated_0056",True
"generated_0057",True
"generated_0058",True
"generated_0059",True
"generated_0060",True
"generated_0061",True
"generated_0062",True
"generated_0063",True
"generated_0064",True
"generated_0065",True
"generated_0066",True
"generated_0067",True
"generated_0068",True
"generated_0069",True
"generated_0070",True
"generated_0071",True
"generated_0072",True
"generated_0073",True
"generated_0074",True
"generated_0075",True
"generated_0076",True
"generated_0077",True
"generated_0078",True
"generated_0079",True
"generated_0080",True
"generated_0081",True
"generated_0082",True
"generated_0083",True
"generated_0084",True
"generated_0085",True
"generated_0086",True
"generated_0087",True
"generated_0088",True
"generated_0089",True
"generated_0090",True
"generated_0091",True
"generated_0092",True
"generated_0093",True
"generated_0094",True
"generated_0095",True
"generated_0096",True
"generated_0097",True
"generated_0098",True
"generated_0099",True
"generated_0100",True
"generated_0101",True
"generated_0102",True
"generated_0103",True
"generated_0104",True
"generated_0105",True
"generated_0106",True
"generated_0107",True
"generated_0108",True
"generated_0109",True
"generated_0110",True
"generated_0111",True
"generated_0112",True
"generated_0113",True
"generated_0114",True
"generated_0115",True
"generated_0116",True
"generated_0117",True
"generated_0118",True
"generated_0119",True
"generated_0120",True
"generated_0121",True
"generated_0122",True
"generated_0123",True
"generated_0124",True
"generated_0125",True
"generated_0126",True
"generated_0127",True
"generated_0128",True
"generated_0129",True
"generated_0130",True
"generated_0131",True
"generated_0132",True
"generated_0133",True
"generated_0134",True
"generated_0135",True
"generated_0136",True
"generated_0137",True
"generated_0138",True
"generated_0139",True
"generated_0140",True
"generated_0141",True
"generated_0142",True
"generated_0143",True
"generated_0144",True
"generated_0145",True
"generated_0146",True
"generated_0147",True
"generated_0148",True
"generated_0149",True
"generated_0150",True
"generated_0151",True
"generated_0152",True
"generated_0153",True
"generated_0154",True
"generated_0155",True
"generated_0156",True
"generated_0157",True
"generated_0158",True
"generated_0159",True
"generated_0160",True
"generated_0161",True
"generated_0162",True
"generated_0163",True
"generated_0164",True
"generated_0165",True
"generated_0166",True
"generated_0167",True
"generated_0168",True
"generated_0169",True
"generated_0170",True
"generated_0171",True
"generated_0172",True
"generated_0173",True
"generated_0174",True
"generated_0175",True
"generated_0176",True
"generated_0177",True
"generated_0178",True
"generated_0179",True
"generated_0180",True
"generated_0181",True
"generated_0182",True
"generated_0183",True
"generated_0184",True
"generated_0185",True
"generated_0186",True
"generated_0187",True
"generated_0188",True
"generated_0189",True
"generated_0190",True
"generated_0191",True
"generated_0192",True
"generated_0193",True
"generated_0194",True
"generated_0195",True
"generated_0196",True
"generated_0197",True
"generated_0198",True
"generated_0199",True
"generated_0200",True
"generated_0201",True
"generated_0202",True
"generated_0203",True
"generated_0204",True
"generated_0205",True
"generated_0206",True
"generated_0207",True
"generated_0208",True
"generated_0209",True
"generated_0210",True
"generated_0211",True
"generated_0212",True
"generated_0213",True
"generated_0214",True
"generated_0215",True
"generated_0216",True
"generated_0217",True
"generated_0218",True
"generated_0219",True
"generated_0220",True
"generated_0221",True
"generated_0222",True
"generated_0223",True
"generated_0224",True
"generated_0225",True
"generated_0226",True
"generated_0227",True
"generated_0228",True
"generated_0229",True
"generated_0230",True
"generated_0231",True
"generated_0232",True
"generated_0233",True
"generated_0234",True
"generated_0235",True
"generated_0236",True
"generated_0237",True
"generated_0238",True
"generated_0239",True
"generated_0240",True
"generated_0241",True
"generated_0242",True
"generated_0243",True
"generated_0244",True
"generated_0245",True
"generated_0246",True
"generated_0247",True
"generated_0248",True
"generated_0249",True
"generated_0250",True
"generated_0251",True
"generated_0252",True
"generated_0253",True
"generated_0254",True
"generated_0255",True
"generated_0256",True
"generated_0257",True
"generated_0258",True
"generated_0259",True
"generated_0260",True
"generated_0261",True
"generated_0262",True
"generated_0263",True
"generated_0264",True
"generated_0265",True
"generated_0266",True
"generated_0267",True
"generated_0268",True
"generated_0269",True
"generated_0270",True
"generated_0271",True
"generated_0272",True
"generated_0273",True
"generated_0274",True
"generated_0275",True
"generated_0276",True
"generated_0277",True
"generated_0278",True
"generated_0279",True
"generated_0280",True
"generated_0281",True
"generated_0282",True
"generated_0283",True
"generated_0284",True
"generated_0285",True
"generated_0286",True
"generated_0287",True
"generated_0288",True
"generated_0289",True
"generated_0290",True
"generated_0291",True
"generated_0292",True
"generated_0293",True
"generated_0294",True
"generated_0295",True
"generated_0296",True
"generated_0297",True
"generated_0298",True
"generated_0299",True
"generated_0300",True
"generated_0301",True
"generated_0302",True
"generated_0303",True
"generated_0304",True
"generated_0305",True
"generated_0306",True
"generated_0307",True
"generated_0308",True
"generated_0309",True
"generated_0310",True
"generated_0311",True
"generated_0312",True
"generated_0313",True
"generated_0314",True
"generated_0315",True
"generated_0316",True
"generated_0317",True
"generated_0318",True
"generated_0319",True
"generated_0320",True
"generated_0321",True
"generated_0322",True
"generated_0323",True
"generated_0324",True
"generated_0325",True
"generated_0326",True
"generated_0327",True
"generated_0328",True
"generated_0329",True
"generated_0330",True
"generated_0331",True
"generated_0332",True
"generated_0333",True
"generated_0334",True
"generated_0335",True
"generated_0336",True
"generated_0337",True
"generated_0338",True
"generated_0339",True
"generated_0340",True
"generated_0341",True
"generated_0342",True
"generated_0343",True
"generated_0344",True
"generated_0345",True
"generated_0346",True
"generated_0347",True
"generated_0348",True
"generated_0349",True
"generated_0350",True
"generated_0351",True
"generated_0352",True
"generated_0353",True
"generated_0354",True
"generated_0355",True
"generated_0356",True
"generated_0357",True
"generated_0358",True
"generated_0359",True
"generated_0360",True
"generated_0361",True
"generated_0362",True
"generated_0363",True
"generated_0364",True
"generated_0365",True
"generated_0366",True
"generated_0367",True
"generated_0368",True
"generated_0369",True
"generated_0370",True
"generated_0371",True
"generated_0372",True
"generated_0373",True
"generated_0374",True
"generated_0375",True
"generated_0376",True
"generated_0377",True
"generated_0378",True
"generated_0379",True
"generated_0380",True
"generated_0381",True
"generated_0382",True
"generated_0383",True
"generated_0384",True
"generated_0385",True
"generated_0386",True
"generated_0387",True
"generated_0388",True
"generated_0389",True
"generated_0390",True
"generated_0391",True
"generated_0392",True
"generated_0393",True
"generated_0394",True
"generated_0395",True
"generated_0396",True
"generated_0397",True
"generated_0398",True
"generated_0399",True
"generated_0400",True
"generated_0401",True
"generated_0402",True
"generated_0403",True
"generated_0404",True
"generated_0405",True
"generated_0406",True
"generated_0407",True
"generated_0408",True
"generated_0409",True
"generated_0410",True
"generated_0411",True
"generated_0412",True
"generated_0413",True
"generated_0414",True
"generated_0415",True
"generated_0416",True
"generated_0417",True
"generated_0418",True
"generated_0419",True
"generated_0420",True
"generated_0421",True
"generated_0422",True
"generated_0423",True
"generated_0424",True
"generated_0425",True
"generated_0426",True
"generated_0427",True
"generated_0428",True
"generated_0429",True
"generated_0430",True
"generated_0431",True
"generated_0432",True
"generated_0433",True
"generated_0434",True
"generated_0435",True
"generated_0436",True
"generated_0437",True
"generated_0438",True
"generated_0439",True
"generated_0440",True
"generated_0441",True
"generated_0442",True
"generated_0443",True
"generated_0444",True
"generated_0445",True
"generated_0446",True
"generated_0447",True
"generated_0448",True
"generated_0449",True
"generated_0450",True
"generated_0451",True
"generated_0452",True
"generated_0453",True
"generated_0454",True
"generated_0455",True
"generated_0456",True
"generated_0457",True
"generated_0458",True
"generated_0459",True
"generated_0460",True
"generated_0461",True
"generated_0462",True
"generated_0463",True
"generated_0464",True
"generated_0465",True
"generated_0466",True
"generated_0467",True
"generated_0468",True
"generated_0469",True
"generated_0470",True
"generated_0471",True
"generated_0472",True
"generated_0473",True
"generated_0474",True
"generated_0475",True
"generated_0476",True
"generated_0477",True
"generated_0478",True
"generated_0479",True
"generated_0480",True
"generated_0481",True
"generated_0482",True
"generated_0483",True
"generated_0484",True
"generated_0485",True
"generated_0486",True
"generated_0487",True
"generated_0488",True
"generated_0489",True
"generated_0490",True
"generated_0491",True
"generated_0492",True
"generated_0493",True
"generated_0494",True
"generated_0495",True
"generated_0496",True
"generated_0497",True
"generated_0498",True
"generated_0499",True
"generated_0500",True
"generated_0501",True
"generated_0502",True
"generated_0503",True
"generated_0504",True
"generated_0505",True
"generated_0506",True
"generated_0507",True
"generated_0508",True
"generated_0509",True
"generated_0510",True
"generated_0511",True
"generated_0512",True
"generated_0513",True
"generated_0514",True
"generated_0515",True
"generated_0516",True
"generated_0517",True
"generated_0518",True
"generated_0519",True
"generated_0520",True
"generated_0521",True
"generated_0522",True
"generated_0523",True
"generated_0524",True
"generated_0525",True
"generated_0526",True
"generated_0527",True
"generated_0528",True
"generated_0529",True
"generated_0530",True
"generated_0531",True
"generated_0532",True
"generated_0533",True
"generated_0534",True
"generated_0535",True
"generated_0536",True
"generated_0537",True
"generated_0538",True
"generated_0539",True
"generated_0540",True
"generated_0541",True
"generated_0542",True
"generated_0543",True
"generated_0544",True
"generated_0545",True
"generated_0546",True
"generated_0547",True
"generated_0548",True
"generated_0549",True
"generated_0550",True
"generated_0551",True
"generated_0552",True
"generated_0553",True
"generated_0554",True
"generated_0555",True
"generated_0556",True
"generated_0557",True
"generated_0558",True
"generated_0559",True
"generated_0560",True
"generated_0561",True
"generated_0562",True
"generated_0563",True
"generated_0564",True
"generated_0565",True
"generated_0566",True
"generated_0567",True
"generated_0568",True
"generated_0569",True
"generated_0570",True
"generated_0571",True
"generated_0572",True
"generated_0573",True
"generated_0574",True
"generated_0575",True
"generated_0576",True
"generated_0577",True
"generated_0578",True
"generated_0579",True
"generated_0580",True
"generated_0581",True
"generated_0582",True
"generated_0583",True
"generated_0584",True
"generated_0585",True
"generated_0586",True
"generated_0587",True
"generated_0588",True
"generated_0589",True
"generated_0590",True
"generated_0591",True
"generated_0592",True
"generated_0593",True
"generated_0594",True
"generated_0595",True
"generated_0596",True
"generated_0597",True
"generated_0598",True
"generated_0599",True
"generated_0600",True
"generated_0601",True
"generated_0602",True
"generated_0603",True
"generated_0604",True
"generated_0605",True
"generated_0606",True
"generated_0607",True
"generated_0608",True
"generated_0609",True
"generated_0610",True
"generated_0611",True
"generated_0612",True
"generated_0613",True
"generated_0614",True
"generated_0615",True
"generated_0616",True
"generated_0617",True
"generated_0618",True
"generated_0619",True
"generated_0620",True
"generated_0621",True
"generated_0622",True
"generated_0623",True
"generated_0624",True
"generated_0625",True
"generated_0626",True
"generated_0627",True
"generated_0628",True
"generated_0629",True
"generated_0630",True
"generated_0631",True
"generated_0632",True
"generated_0633",True
"generated_0634",True
"generated_0635",True
"generated_0636",True
"generated_0637",True
"generated_0638",True
"generated_0639",True
"generated_0640",True
"generated_0641",True
"generated_0642",True
"generated_0643",True
"generated_0644",True
"generated_0645",True
"generated_0646",True
"generated_0647",True
"generated_0648",True
"generated_0649",True
"generated_0650",True
"generated_0651",True
"generated_0652",True
"generated_0653",True
"generated_0654",True
"generated_0655",True
"generated_0656",True
"generated_0657",True
"generated_0658",True
"generated_0659",True
"generated_0660",True
"generated_0661",True
"generated_0662",True
"generated_0663",True
"generated_0664",True
"generated_0665",True
"generated_0666",True
"generated_0667",True
"generated_0668",True
"generated_0669",True
"generated_0670",True
"generated_0671",True
"generated_0672",True
"generated_0673",True
"generated_0674",True
"generated_0675",True
"generated_0676",True
"generated_0677",True
"generated_0678",True
"generated_0679",True
"generated_0680",True
"generated_0681",True
"generated_0682",True
"generated_0683",True
"generated_0684",True
"generated_0685",True
"generated_0686",True
"generated_0687",True
"generated_0688",True
"generated_0689",True
"generated_0690",True
"generated_0691",True
"generated_0692",True
"generated_0693",True
"generated_0694",True
"generated_0695",True
"generated_0696",True
"generated_0697",True
"generated_0698",True
"generated_0699",True
"generated_0700",True
"generated_0701",True
"generated_0702",True
"generated_0703",True
"generated_0704",True
"generated_0705",True
"generated_0706",True
"generated_0707",True
"generated_0708",True
"generated_0709",True
"generated_0710",True
"generated_0711",True
"generated_0712",True
"generated_0713",True
"generated_0714",True
"generated_0715",True
"generated_0716",True
"generated_0717",True
"generated_0718",True
"generated_0719",True
"generated_0720",True
"generated_0721",True
"generated_0722",True
"generated_0723",True
"generated_0724",True
"generated_0725",True
"generated_0726",True
"generated_0727",True
"generated_0728",True
"generated_0729",True
"generated_0730",True
"generated_0731",True
"generated_0732",True
"generated_0733",True
"generated_0734",True
"generated_0735",True
"generated_0736",True
"generated_0737",True
"generated_0738",True
"generated_0739",True
"generated_0740",True
"generated_0741",True
"generated_0742",True
"generated_0743",True
"generated_0744",True
"generated_0745",True
"generated_0746",True
"generated_0747",True
"generated_0748",True
"generated_0749",True
"generated_0750",True
"generated_0751",True
"generated_0752",True
"generated_0753",True
"generated_0754",True
"generated_0755",True
"generated_0756",True
"generated_0757",True
"generated_0758",True
"generated_0759",True
"generated_0760",True
"generated_0761",True
"generated_0762",True
"generated_0763",True
"generated_0764",True
"generated_0765",True
"generated_0766",True
"generated_0767",True
"generated_0768",True
"generated_0769",True
"generated_0770",True
"generated_0771",True
"generated_0772",True
"generated_0773",True
"generated_0774",True
"generated_0775",True
"generated_0776",True
"generated_0777",True
"generated_0778",True
"generated_0779",True
"generated_0780",True
"generated_0781",True
"generated_0782",True
"generated_0783",True
"generated_0784",True
"generated_0785",True
"generated_0786",True
"generated_0787",True
"generated_0788",True
"generated_0789",True
"generated_0790",True
"generated_0791",True
"generated_0792",True
"generated_0793",True
"generated_0794",True
"generated_0795",True
"generated_0796",True
"generated_0797",True
"generated_0798",True
"generated_0799",True
"generated_0800",True
"generated_0801",True
"generated_0802",True
"generated_0803",True
"generated_0804",True
"generated_0805",True
"generated_0806",True
"generated_0807",True
"generated_0808",True
"generated_0809",True
"generated_0810",True
"generated_0811",True
"generated_0812",True
"generated_0813",True
"generated_0814",True
"generated_0815",True
"generated_0816",True
"generated_0817",True
"generated_0818",True
"generated_0819",True
"generated_0820",True
"generated_0821",True
"generated_0822",True
"generated_0823",True
"generated_0824",True
"generated_0825",True
"generated_0826",True
"generated_0827",True
"generated_0828",True
"generated_0829",True
"generated_0830",True
"generated_0831",True
"generated_0832",True
"generated_0833",True
"generated_0834",True
"generated_0835",True
"generated_0836",True
"generated_0837",True
"generated_0838",True
"generated_0839",True
"generated_0840",True
"generated_0841",True
"generated_0842",True
"generated_0843",True
"generated_0844",True
"generated_0845",True
"generated_0846",True
"generated_0847",True
"generated_0848",True
"generated_0849",True
"generated_0850",True
"generated_0851",True
"generated_0852",True
"generated_0853",True
"generated_0854",True
"generated_0855",True
"generated_0856",True
"generated_0857",True
"generated_0858",True
"generated_0859",True
"generated_0860",True
"generated_0861",True
"generated_0862",True
"generated_0863",True
"generated_0864",True
"generated_0865",True
"generated_0866",True
"generated_0867",True
"generated_0868",True
"generated_0869",True
"generated_0870",True
"generated_0871",True
"generated_0872",True
"generated_0873",True
"generated_0874",True
"generated_0875",True
"generated_0876",True
"generated_0877",True
"generated_0878",True
"generated_0879",True
"generated_0880",True
"generated_0881",True
"generated_0882",True
"generated_0883",True
"generated_0884",True
"generated_0885",True
"generated_0886",True
"generated_0887",True
"generated_0888",True
"generated_0889",True
"generated_0890",True
"generated_0891",True
"generated_0892",True
"generated_0893",True
"generated_0894",True
"generated_0895",True
"generated_0896",True
"generated_0897",True
"generated_0898",True
"generated_0899",True
"generated_0900",True
"generated_0901",True
"generated_0902",True
"generated_0903",True
"generated_0904",True
"generated_0905",True
"generated_0906",True
"generated_0907",True
"generated_0908",True
"generated_0909",True
"generated_0910",True
"generated_0911",True
"generated_0912",True
"generated_0913",True
"generated_0914",True
"generated_0915",True
"generated_0916",True
"generated_0917",True
"generated_0918",True
"generated_0919",True
"generated_0920",True
"generated_0921",True
"generated_0922",True
"generated_0923",True
"generated_0924",True
"generated_0925",True
"generated_0926",True
"generated_0927",True
"generated_0928",True
"generated_0929",True
"generated_0930",True
"generated_0931",True
"generated_0932",True
"generated_0933",True
"generated_0934",True
"generated_0935",True
"generated_0936",True
"generated_0937",True
"generated_0938",True
"generated_0939",True
"generated_0940",True
"generated_0941",True
"generated_0942",True
"generated_0943",True
"generated_0944",True
"generated_0945",True
"generated_0946",True
"generated_0947",True
"generated_0948",True
"generated_0949",True
"generated_0950",True
"generated_0951",True
"generated_0952",True
"generated_0953",True
"generated_0954",True
"generated_0955",True
"generated_0956",True
"generated_0957",True
"generated_0958",True
"generated_0959",True
"generated_0960",True
"generated_0961",True
"generated_0962",True
"generated_0963",True
"generated_0964",True
"generated_0965",True
"generated_0966",True
"generated_0967",True
"generated_0968",True
"generated_0969",True
"generated_0970",True
"generated_0971",True
"generated_0972",True
"generated_0973",True
"generated_0974",True
"generated_0975",True
"generated_0976",True
"generated_0977",True
"generated_0978",True
"generated_0979",True
"generated_0980",True
"generated_0981",True
"generated_0982",True
"generated_0983",True
"generated_0984",True
"generated_0985",True
"generated_0986",True
"generated_0987",True
"generated_0988",True
"generated_0989",True
"generated_0990",True
"generated_0991",True
"generated_0992",True
"generated_0993",True
"generated_0994",True
"generated_0995",True
"generated_0996",True
"generated_0997",True
"generated_0998",True
"generated_0999",True
"generated_1000",True
"generated_1001",True
"generated_1002",True
"generated_1003",True
"generated_1004",True
"generated_1005",True
"generated_1006",True
"generated_1007",True
"generated_1008",True
"generated_1009",True
"generated_1010",True
"generated_1011",True
"generated_1012",True
"generated_1013",True
"generated_1014",True
"generated_1015",True
"generated_1016",True
"generated_1017",True
"generated_1018",True
"generated_1019",True
"generated_1020",True
"generated_1021",True
"generated_1022",True
"generated_1023",True
"generated_1024",True
"generated_1025",True
"generated_1026",True
"generated_1027",True
"generated_1028",True
"generated_1029",True
"generated_1030",True
"generated_1031",True
"generated_1032",True
"generated_1033",True
"generated_1034",True
"generated_1035",True
"generated_1036",True
"generated_1037",True
"generated_1038",True
"generated_1039",True
"generated_1040",True
"generated_1041",True
"generated_1042",True
"generated_1043",True
"generated_1044",True
"generated_1045",True
"generated_1046",True
"generated_1047",True
"generated_1048",True
"generated_1049",True
"generated_1050",True
"generated_1051",True
"generated_1052",True
"generated_1053",True
"generated_1054",True
"generated_1055",True
"generated_1056",True
"generated_1057",True
"generated_1058",True
"generated_1059",True
"generated_1060",True
"generated_1061",True
"generated_1062",True
"generated_1063",True
"generated_1064",True
"generated_1065",True
"generated_1066",True
"generated_1067",True
"generated_1068",True
"generated_1069",True
"generated_1070",True
"generated_1071",True
"generated_1072",True
"generated_1073",True
"generated_1074",True
"generated_1075",True
"generated_1076",True
"generated_1077",True
"generated_1078",True
"generated_1079",True
"generated_1080",True
"generated_1081",True
"generated_1082",True
"generated_1083",True
"generated_1084",True
"generated_1085",True
"generated_1086",True
"generated_1087",True
"generated_1088",True
"generated_1089",True
"generated_1090",True
"generated_1091",True
"generated_1092",True
"generated_1093",True
"generated_1094",True
"generated_1095",True
"generated_1096",True
"generated_1097",True
"generated_1098",True
"generated_1099",True
"generated_1100",True
"generated_1101",True
"generated_1102",True
"generated_1103",True
"generated_1104",True
"generated_1105",True
"generated_1106",True
"generated_1107",True
"generated_1108",True
"generated_1109",True
"generated_1110",True
"generated_1111",True
"generated_1112",True
"generated_1113",True
"generated_1114",True
"generated_1115",True
"generated_1116",True
"generated_1117",True
"generated_1118",True
"generated_1119",True
"generated_1120",True
"generated_1121",True
"generated_1122",True
"generated_1123",True
"generated_1124",True
"generated_1125",True
"generated_1126",True
"generated_1127",True
"generated_1128",True
"generated_1129",True
"generated_1130",True
"generated_1131",True
"generated_1132",True
"generated_1133",True
"generated_1134",True
"generated_1135",True
"generated_1136",True
"generated_1137",True
"generated_1138",True
"generated_1139",True
"generated_1140",True
"generated_1141",True
"generated_1142",True
"generated_1143",True
"generated_1144",True
"generated_1145",True
"generated_1146",True
"generated_1147",True
"generated_1148",True
"generated_1149",True
"generated_1150",True
"generated_1151",True
"generated_1152",True
"generated_1153",True
"generated_1154",True
"generated_1155",True
"generated_1156",True
"generated_1157",True
"generated_1158",True
"generated_1159",True
"generated_1160",True
"generated_1161",True
"generated_1162",True
"generated_1163",True
"generated_1164",True
"generated_1165",True
"generated_1166",True
"generated_1167",True
"generated_1168",True
"generated_1169",True
"generated_1170",True
"generated_1171",True
"generated_1172",True
"generated_1173",True
"generated_1174",True
"generated_1175",True
"generated_1176",True
"generated_1177",True
"generated_1178",True
"generated_1179",True
"generated_1180",True
"generated_1181",True
"generated_1182",True
"generated_1183",True
"generated_1184",True
"generated_1185",True
"generated_1186",True
"generated_1187",True
"generated_1188",True
"generated_1189",True
"generated_1190",True
"generated_1191",True
"generated_1192",True
"generated_1193",True
"generated_1194",True
"generated_1195",True
"generated_1196",True
"generated_1197",True
"generated_1198",True
"generated_1199",True
"generated_1200",True
"generated_1201",True
"generated_1202",True
"generated_1203",True
"generated_1204",True
"generated_1205",True
"generated_1206",True
"generated_1207",True
"generated_1208",True
"generated_1209",True
"generated_1210",True
"generated_1211",True
"generated_1212",True
"generated_1213",True
"generated_1214",True
"generated_1215",True
"generated_1216",True
"generated_1217",True
"generated_1218",True
"generated_1219",True
"generated_1220",True
"generated_1221",True
"generated_1222",True
"generated_1223",True
"generated_1224",True
"generated_1225",True
"generated_1226",True
"generated_1227",True
"generated_1228",True
"generated_1229",True
"generated_1230",True
"generated_1231",True
"generated_1232",True
"generated_1233",True
"generated_1234",True
"generated_1235",True
"generated_1236",True
"generated_1237",True
"generated_1238",True
"generated_1239",True
"generated_1240",True
"generated_1241",True
"generated_1242",True
"generated_1243",True
"generated_1244",True
"generated_1245",True
"generated_1246",True
"generated_1247",True
"generated_1248",True
"generated_1249",True
"generated_1250",True
"generated_1251",True
"generated_1252",True
"generated_1253",True
"generated_1254",True
"generated_1255",True
"generated_1256",True
"generated_1257",True
"generated_1258",True
"generated_1259",True
"generated_1260",True
"generated_1261",True
"generated_1262",True
"generated_1263",True
"generated_1264",True
"generated_1265",True
"generated_1266",True
"generated_1267",True
"generated_1268",True
"generated_1269",True
"generated_1270",True
"generated_1271",True
"generated_1272",True
"generated_1273",True
"generated_1274",True
"generated_1275",True
"generated_1276",True
"generated_1277",True
"generated_1278",True
"generated_1279",True
"generated_1280",True
"generated_1281",True
"generated_1282",True
"generated_1283",True
"generated_1284",True
"generated_1285",True
"generated_1286",True
"generated_1287",True
"generated_1288",True
"generated_1289",True
"generated_1290",True
"generated_1291",True
"generated_1292",True
"generated_1293",True
"generated_1294",True
"generated_1295",True
"generated_1296",True
"generated_1297",True
"generated_1298",True
"generated_1299",True
"generated_1300",True
"generated_1301",True
"generated_1302",True
"generated_1303",True
"generated_1304",True
"generated_1305",True
"generated_1306",True
"generated_1307",True
"generated_1308",True
"generated_1309",True
"generated_1310",True
"generated_1311",True
"generated_1312",True
"generated_1313",True
"generated_1314",True
"generated_1315",True
"generated_1316",True
"generated_1317",True
"generated_1318",True
"generated_1319",True
"generated_1320",True
"generated_1321",True
"generated_1322",True
"generated_1323",True
"generated_1324",True
"generated_1325",True
"generated_1326",True
"generated_1327",True
"generated_1328",True
"generated_1329",True
"generated_1330",True
"generated_1331",True
"generated_1332",True
"generated_1333",True
"generated_1334",True
"generated_1335",True
"generated_1336",True
"generated_1337",True
"generated_1338",True
"generated_1339",True
"generated_1340",True
"generated_1341",True
"generated_1342",True
"generated_1343",True
"generated_1344",True
"generated_1345",True
"generated_1346",True
"generated_1347",True
"generated_1348",True
"generated_1349",True
"generated_1350",True
"generated_1351",True
"generated_1352",True
"generated_1353",True
"generated_1354",True
"generated_1355",True
"generated_1356",True
"generated_1357",True
"generated_1358",True
"generated_1359",True
"generated_1360",True
"generated_1361",True
"generated_1362",True
"generated_1363",True
"generated_1364",True
"generated_1365",True
"generated_1366",True
"generated_1367",True
"generated_1368",True
"generated_1369",True
"generated_1370",True
"generated_1371",True
"generated_1372",True
"generated_1373",True
"generated_1374",True
"generated_1375",True
"generated_1376",True
"generated_1377",True
"generated_1378",True
"generated_1379",True
"generated_1380",True
"generated_1381",True
"generated_1382",True
"generated_1383",True
"generated_1384",True
"generated_1385",True
"generated_1386",True
"generated_1387",True
"generated_1388",True
"generated_1389",True
"generated_1390",True
"generated_1391",True
"generated_1392",True
"generated_1393",True
"generated_1394",True
"generated_1395",True
"generated_1396",True
"generated_1397",True
"generated_1398",True
"generated_1399",True
"generated_1400",True
"generated_1401",True
"generated_1402",True
"generated_1403",True
"generated_1404",True
"generated_1405",True
"generated_1406",True
"generated_1407",True
"generated_1408",True
"generated_1409",True
"generated_1410",True
"generated_1411",True
"generated_1412",True
"generated_1413",True
"generated_1414",True
"generated_1415",True
"generated_1416",True
"generated_1417",True
"generated_1418",True
"generated_1419",True
"generated_1420",True
"generated_1421",True
"generated_1422",True
"generated_1423",True
"generated_1424",True
"generated_1425",True
"generated_1426",True
"generated_1427",True
"generated_1428",True
"generated_1429",True
"generated_1430",True
"generated_1431",True
"generated_1432",True
"generated_1433",True
"generated_1434",True
"generated_1435",True
"generated_1436",True
"generated_1437",True
"generated_1438",True
"generated_1439",True
"generated_1440",True
"generated_1441",True
"generated_1442",True
"generated_1443",True
"generated_1444",True
"generated_1445",True
"generated_1446",True
"generated_1447",True
"generated_1448",True
"generated_1449",True
"generated_1450",True
"generated_1451",True
"generated_1452",True
"generated_1453",True
"generated_1454",True
"generated_1455",True
"generated_1456",True
"generated_1457",True
"generated_1458",True
"generated_1459",True
"generated_1460",True
"generated_1461",True
"generated_1462",True
"generated_1463",True
"generated_1464",True
"generated_1465",True
"generated_1466",True
"generated_1467",True
"generated_1468",True
"generated_1469",True
"generated_1470",True
"generated_1471",True
"generated_1472",True
"generated_1473",True
"generated_1474",True
"generated_1475",True
"generated_1476",True
"generated_1477",True
"generated_1478",True
"generated_1479",True
"generated_1480",True
"generated_1481",True
"generated_1482",True
"generated_1483",True
"generated_1484",True
"generated_1485",True
"generated_1486",True
"generated_1487",True
"generated_1488",True
"generated_1489",True
"generated_1490",True
"generated_1491",True
"generated_1492",True
"generated_1493",True
"generated_1494",True
"generated_1495",True
"generated_1496",True
"generated_1497",True
"generated_1498",True
"generated_1499",True
"generated_1500",True
"generated_1501",True
"generated_1502",True
"generated_1503",True
"generated_1504",True
"generated_1505",True
"generated_1506",True
"generated_1507",True
"generated_1508",True
"generated_1509",True
"generated_1510",True
"generated_1511",True
"generated_1512",True
"generated_1513",True
"generated_1514",True
"generated_1515",True
"generated_1516",True
"generated_1517",True
"generated_1518",True
"generated_1519",True
"generated_1520",True
"generated_1521",True
"generated_1522",True
"generated_1523",True
"generated_1524",True
"generated_1525",True
"generated_1526",True
"generated_1527",True
"generated_1528",True
"generated_1529",True
"generated_1530",True
"generated_1531",True
"generated_1532",True
"generated_1533",True
"generated_1534",True
"generated_1535",True
"generated_1536",True
"generated_1537",True
"generated_1538",True
"generated_1539",True
"generated_1540",True
"generated_1541",True
"generated_1542",True
"generated_1543",True
"generated_1544",True
"generated_1545",True
"generated_1546",True
"generated_1547",True
"generated_1548",True
"generated_1549",True
"generated_1550",True
"generated_1551",True
"generated_1552",True
"generated_1553",True
"generated_1554",True
"generated_1555",True
"generated_1556",True
"generated_1557",True
"generated_1558",True
"generated_1559",True
"generated_1560",True
"generated_1561",True
"generated_1562",True
"generated_1563",True
"generated_1564",True
"generated_1565",True
"generated_1566",True
"generated_1567",True
"generated_1568",True
"generated_1569",True
"generated_1570",True
"generated_1571",True
"generated_1572",True
"generated_1573",True
"generated_1574",True
"generated_1575",True
"generated_1576",True
"generated_1577",True
"generated_1578",True
"generated_1579",True
"generated_1580",True
"generated_1581",True
"generated_1582",True
"generated_1583",True
"generated_1584",True
"generated_1585",True
"generated_1586",True
"generated_1587",True
"generated_1588",True
"generated_1589",True
"generated_1590",True
"generated_1591",True
"generated_1592",True
"generated_1593",True
"generated_1594",True
"generated_1595",True
"generated_1596",True
"generated_1597",True
"generated_1598",True
"generated_1599",True
"generated_1600",True
"generated_1601",True
"generated_1602",True
"generated_1603",True
"generated_1604",True
"generated_1605",True
"generated_1606",True
"generated_1607",True
"generated_1608",True
"generated_1609",True
"generated_1610",True
"generated_1611",True
"generated_1612",True
"generated_1613",True
"generated_1614",True
"generated_1615",True
"generated_1616",True
"generated_1617",True
"generated_1618",True
"generated_1619",True
"generated_1620",True
"generated_1621",True
"generated_1622",True
"generated_1623",True
"generated_1624",True
"generated_1625",True
"generated_1626",True
"generated_1627",True
"generated_1628",True
"generated_1629",True
"generated_1630",True
"generated_1631",True
"generated_1632",True
"generated_1633",True
"generated_1634",True
"generated_1635",True
"generated_1636",True
"generated_1637",True
"generated_1638",True
"generated_1639",True
"generated_1640",True
"generated_1641",True
"generated_1642",True
"generated_1643",True
"generated_1644",True
"generated_1645",True
"generated_1646",True
"generated_1647",True
"generated_1648",True
"generated_1649",True
"generated_1650",True
"generated_1651",True
"generated_1652",True
"generated_1653",True
"generated_1654",True
"generated_1655",True
"generated_1656",True
"generated_1657",True
"generated_1658",True
"generated_1659",True
"generated_1660",True
"generated_1661",True
"generated_1662",True
"generated_1663",True
"generated_1664",True
"generated_1665",True
"generated_1666",True
"generated_1667",True
"generated_1668",True
"generated_1669",True
"generated_1670",True
"generated_1671",True
"generated_1672",True
"generated_1673",True
"generated_1674",True
"generated_1675",True
"generated_1676",True
"generated_1677",True
"generated_1678",True
"generated_1679",True
"generated_1680",True
"generated_1681",True
"generated_1682",True
"generated_1683",True
"generated_1684",True
"generated_1685",True
"generated_1686",True
"generated_1687",True
"generated_1688",True
"generated_1689",True
"generated_1690",True
"generated_1691",True
"generated_1692",True
"generated_1693",True
"generated_1694",True
"generated_1695",True
"generated_1696",True
"generated_1697",True
"generated_1698",True
"generated_1699",True
"generated_1700",True
"generated_1701",True
"generated_1702",True
"generated_1703",True
"generated_1704",True
"generated_1705",True
"generated_1706",True
"generated_1707",True
"generated_1708",True
"generated_1709",True
"generated_1710",True
"generated_1711",True
"generated_1712",True
"generated_1713",True
"generated_1714",True
"generated_1715",True
"generated_1716",True
"generated_1717",True
"generated_1718",True
"generated_1719",True
"generated_1720",True
"generated_1721",True
"generated_1722",True
"generated_1723",True
"generated_1724",True
"generated_1725",True
"generated_1726",True
"generated_1727",True
"generated_1728",True
"generated_1729",True
"generated_1730",True
"generated_1731",True
"generated_1732",True
"generated_1733",True
"generated_1734",True
"generated_1735",True
"generated_1736",True
"generated_1737",True
"generated_1738",True
"generated_1739",True
"generated_1740",True
"generated_1741",True
"generated_1742",True
"generated_1743",True
"generated_1744",True
"generated_1745",True
"generated_1746",True
"generated_1747",True
"generated_1748",True
"generated_1749",True
"generated_1750",True
"generated_1751",True
"generated_1752",True
"generated_1753",True
"generated_1754",True
"generated_1755",True
"generated_1756",True
"generated_1757",True
"generated_1758",True
"generated_1759",True
"generated_1760",True
"generated_1761",True
"generated_1762",True
"generated_1763",True
"generated_1764",True
"generated_1765",True
"generated_1766",True
"generated_1767",True
"generated_1768",True
"generated_1769",True
"generated_1770",True
"generated_1771",True
"generated_1772",True
"generated_1773",True
"generated_1774",True
"generated_1775",True
"generated_1776",True
"generated_1777",True
"generated_1778",True
"generated_1779",True
"generated_1780",True
"generated_1781",True
"generated_1782",True
"generated_1783",True
"generated_1784",True
"generated_1785",True
"generated_1786",True
"generated_1787",True
"generated_1788",True
"generated_1789",True
"generated_1790",True
"generated_1791",True
"generated_1792",True
"generated_1793",True
"generated_1794",True
"generated_1795",True
"generated_1796",True
"generated_1797",True
"generated_1798",True
"generated_1799",True
"generated_1800",True
"generated_1801",True
"generated_1802",True
"generated_1803",True
"generated_1804",True
"generated_1805",True
"generated_1806",True
"generated_1807",True
"generated_1808",True
"generated_1809",True
"generated_1810",True
"generated_1811",True
"generated_1812",True
"generated_1813",True
"generated_1814",True
"generated_1815",True
"generated_1816",True
"generated_1817",True
"generated_1818",True
"generated_1819",True
"generated_1820",True
"generated_1821",True
"generated_1822",True
"generated_1823",True
"generated_1824",True
"generated_1825",True
"generated_1826",True
"generated_1827",True
"generated_1828",True
"generated_1829",True
"generated_1830",True
"generated_1831",True
"generated_1832",True
"generated_1833",True
"generated_1834",True
"generated_1835",True
"generated_1836",True
"generated_1837",True
"generated_1838",True
"generated_1839",True
"generated_1840",True
"generated_1841",True
"generated_1842",True
"generated_1843",True
"generated_1844",True
"generated_1845",True
"generated_1846",True
"generated_1847",True
"generated_1848",True
"generated_1849",True
"generated_1850",True
"generated_1851",True
"generated_1852",True
"generated_1853",True
"generated_1854",True
"generated_1855",True
"generated_1856",True
"generated_1857",True
"generated_1858",True
"generated_1859",True
"generated_1860",True
"generated_1861",True
"generated_1862",True
"generated_1863",True
"generated_1864",True
"generated_1865",True
"generated_1866",True
"generated_1867",True
"generated_1868",True
"generated_1869",True
"generated_1870",True
"generated_1871",True
"generated_1872",True
"generated_1873",True
"generated_1874",True
"generated_1875",True
"generated_1876",True
"generated_1877",True
"generated_1878",True
"generated_1879",True
"generated_1880",True
"generated_1881",True
"generated_1882",True
"generated_1883",True
"generated_1884",True
"generated_1885",True
"generated_1886",True
"generated_1887",True
"generated_1888",True
"generated_1889",True
"generated_1890",True
"generated_1891",True
"generated_1892",True
"generated_1893",True
"generated_1894",True
"generated_1895",True
"generated_1896",True
"generated_1897",True
"generated_1898",True
"generated_1899",True
"generated_1900",True
"generated_1901",True
"generated_1902",True
"generated_1903",True
"generated_1904",True
"generated_1905",True
"generated_1906",True
"generated_1907",True
"generated_1908",True
"generated_1909",True
"generated_1910",True
"generated_1911",True
"generated_1912",True
"generated_1913",True
"generated_1914",True
"generated_1915",True
"generated_1916",True
"generated_1917",True
"generated_1918",True
"generated_1919",True
"generated_1920",True
"generated_1921",True
"generated_1922",True
"generated_1923",True
"generated_1924",True
"generated_1925",True
"generated_1926",True
"generated_1927",True
"generated_1928",True
"generated_1929",True
"generated_1930",True
"generated_1931",True
"generated_1932",True
"generated_1933",True
"generated_1934",True
"generated_1935",True
"generated_1936",True
"generated_1937",True
"generated_1938",True
"generated_1939",True
"generated_1940",True
"generated_1941",True
"generated_1942",True
"generated_1943",True
"generated_1944",True
"generated_1945",True
"generated_1946",True
"generated_1947",True
"generated_1948",True
"generated_1949",True
"generated_1950",True
"generated_1951",True
"generated_1952",True
"generated_1953",True
"generated_1954",True
"generated_1955",True
"generated_1956",True
"generated_1957",True
"generated_1958",True
"generated_1959",True
"generated_1960",True
"generated_1961",True
"generated_1962",True
"generated_1963",True
"generated_1964",True
"generated_1965",True
"generated_1966",True
"generated_1967",True
"generated_1968",True
"generated_1969",True
"generated_1970",True
"generated_1971",True
"generated_1972",True
"generated_1973",True
"generated_1974",True
"generated_1975",True
"generated_1976",True
"generated_1977",True
"generated_1978",True
"generated_1979",True
"generated_1980",True
"generated_1981",True
"generated_1982",True
"generated_1983",True
"generated_1984",True
"generated_1985",True
"generated_1986",True
"generated_1987",True
"generated_1988",True
"generated_1989",True
"generated_1990",True
"generated_1991",True
"generated_1992",True
"generated_1993",True
"generated_1994",True
"generated_1995",True
"generated_1996",True
"generated_1997",True
"generated_1998",True
"generated_1999",True
"generated_2000",True
"generated_2001",True
"generated_2002",True
"generated_2003",True
"generated_2004",True
"generated_2005",True
"generated_2006",True
"generated_2007",True
"generated_2008",True
"generated_2009",True
"generated_2010",True
"generated_2011",True
"generated_2012",True
"generated_2013",True
"generated_2014",True
"generated_2015",True
"generated_2016",True
"generated_2017",True
"generated_2018",True
"generated_2019",True
"generated_2020",True
"generated_2021",True
"generated_2022",True
"generated_2023",True
"generated_2024",True
"generated_2025",True
"generated_2026",True
"generated_2027",True
"generated_2028",True
"generated_2029",True
"generated_2030",True
"generated_2031",True
"generated_2032",True
"generated_2033",True
"generated_2034",True
"generated_2035",True
"generated_2036",True
"generated_2037",True
"generated_2038",True
"generated_2039",True
"generated_2040",True
"generated_2041",True
"generated_2042",True
"generated_2043",True
"generated_2044",True
"generated_2045",True
"generated_2046",True
"generated_2047",True
"generated_2048",True
"generated_2049",True
"generated_2050",True
"generated_2051",True
"generated_2052",True
"generated_2053",True
"generated_2054",True
"generated_2055",True
"generated_2056",True
"generated_2057",True
"generated_2058",True
"generated_2059",True
"generated_2060",True
"generated_2061",True
"generated_2062",True
"generated_2063",True
"generated_2064",True
"generated_2065",True
"generated_2066",True
"generated_2067",True
"generated_2068",True
"generated_2069",True
"generated_2070",True
"generated_2071",True
"generated_2072",True
"generated_2073",True
"generated_2074",True
"generated_2075",True
"generated_2076",True
"generated_2077",True
"generated_2078",True
"generated_2079",True
"generated_2080",True
"generated_2081",True
"generated_2082",True
"generated_2083",True
"generated_2084",True
"generated_2085",True
"generated_2086",True
"generated_2087",True
"generated_2088",True
"generated_2089",True
"generated_2090",True
"generated_2091",True
"generated_2092",True
"generated_2093",True
"generated_2094",True
"generated_2095",True
"generated_2096",True
"generated_2097",True
"generated_2098",True
"generated_2099",True
"generated_2100",True
"generated_2101",True
"generated_2102",True
"generated_2103",True
"generated_2104",True
"generated_2105",True
"generated_2106",True
"generated_2107",True
"generated_2108",True
"generated_2109",True
"generated_2110",True
"generated_2111",True
"generated_2112",True
"generated_2113",True
"generated_2114",True
"generated_2115",True
"generated_2116",True
"generated_2117",True
"generated_2118",True
"generated_2119",True
"generated_2120",True
"generated_2121",True
"generated_2122",True
"generated_2123",True
"generated_2124",True
"generated_2125",True
"generated_2126",True
"generated_2127",True
"generated_2128",True
"generated_2129",True
"generated_2130",True
"generated_2131",True
"generated_2132",True
"generated_2133",True
"generated_2134",True
"generated_2135",True
"generated_2136",True
"generated_2137",True
"generated_2138",True
"generated_2139",True
"generated_2140",True
"generated_2141",True
"generated_2142",True
"generated_2143",True
"generated_2144",True
"generated_2145",True
"generated_2146",True
"generated_2147",True
"generated_2148",True
"generated_2149",True
"generated_2150",True
"generated_2151",True
"generated_2152",True
"generated_2153",True
"generated_2154",True
"generated_2155",True
"generated_2156",True
"generated_2157",True
"generated_2158",True
"generated_2159",True
"generated_2160",True
"generated_2161",True
"generated_2162",True
"generated_2163",True
"generated_2164",True
"generated_2165",True
"generated_2166",True
"generated_2167",True
"generated_2168",True
"generated_2169",True
"generated_2170",True
"generated_2171",True
"generated_2172",True
"generated_2173",True
"generated_2174",True
"generated_2175",True
"generated_2176",True
"generated_2177",True
"generated_2178",True
"generated_2179",True
"generated_2180",True
"generated_2181",True
"generated_2182",True
"generated_2183",True
"generated_2184",True
"generated_2185",True
"generated_2186",True
"generated_2187",True
"generated_2188",True
"generated_2189",True
"generated_2190",True
"generated_2191",True
"generated_2192",True
"generated_2193",True
"generated_2194",True
"generated_2195",True
"generated_2196",True
"generated_2197",True
"generated_2198",True
"generated_2199",True
"generated_2200",True
"generated_2201",True
"generated_2202",True
"generated_2203",True
"generated_2204",True
"generated_2205",True
"generated_2206",True
"generated_2207",True
"generated_2208",True
"generated_2209",True
"generated_2210",True
"generated_2211",True
"generated_2212",True
"generated_2213",True
"generated_2214",True
"generated_2215",True
"generated_2216",True
"generated_2217",True
"generated_2218",True
"generated_2219",True
"generated_2220",True
"generated_2221",True
"generated_2222",True
"generated_2223",True
"generated_2224",True
"generated_2225",True
"generated_2226",True
"generated_2227",True
"generated_2228",True
"generated_2229",True
"generated_2230",True
"generated_2231",True
"generated_2232",True
"generated_2233",True
"generated_2234",True
"generated_2235",True
"generated_2236",True
"generated_2237",True
"generated_2238",True
"generated_2239",True
"generated_2240",True
"generated_2241",True
"generated_2242",True
"generated_2243",True
"generated_2244",True
"generated_2245",True
"generated_2246",True
"generated_2247",True
"generated_2248",True
"generated_2249",True
"generated_2250",True
"generated_2251",True
"generated_2252",True
"generated_2253",True
"generated_2254",True
"generated_2255",True
"generated_2256",True
"generated_2257",True
"generated_2258",True
"generated_2259",True
"generated_2260",True
"generated_2261",True
"generated_2262",True
"generated_2263",True
"generated_2264",True
"generated_2265",True
"generated_2266",True
"generated_2267",True
"generated_2268",True
"generated_2269",True
"generated_2270",True
"generated_2271",True
"generated_2272",True
"generated_2273",True
"generated_2274",True
"generated_2275",True
"generated_2276",True
"generated_2277",True
"generated_2278",True
"generated_2279",True
"generated_2280",True
"generated_2281",True
"generated_2282",True
"generated_2283",True
"generated_2284",True
"generated_2285",True
"generated_2286",True
"generated_2287",True
"generated_2288",True
"generated_2289",True
"generated_2290",True
"generated_2291",True
"generated_2292",True
"generated_2293",True
"generated_2294",True
"generated_2295",True
"generated_2296",True
"generated_2297",True
"generated_2298",True
"generated_2299",True
"generated_2300",True
"generated_2301",True
"generated_2302",True
"generated_2303",True
"generated_2304",True
"generated_2305",True
"generated_2306",True
"generated_2307",True
"generated_2308",True
"generated_2309",True
"generated_2310",True
"generated_2311",True
"generated_2312",True
"generated_2313",True
"generated_2314",True
"generated_2315",True
"generated_2316",True
"generated_2317",True
"generated_2318",True
"generated_2319",True
"generated_2320",True
"generated_2321",True
"generated_2322",True
"generated_2323",True
"generated_2324",True
"generated_2325",True
"generated_2326",True
"generated_2327",True
"generated_2328",True
"generated_2329",True
"generated_2330",True
"generated_2331",True
"generated_2332",True
"generated_2333",True
"generated_2334",True
"generated_2335",True
"generated_2336",True
"generated_2337",True
"generated_2338",True
"generated_2339",True
"generated_2340",True
"generated_2341",True
"generated_2342",True
"generated_2343",True
"generated_2344",True
"generated_2345",True
"generated_2346",True
"generated_2347",True
"generated_2348",True
"generated_2349",True
"generated_2350",True
"generated_2351",True
"generated_2352",True
"generated_2353",True
"generated_2354",True
"generated_2355",True
"generated_2356",True
"generated_2357",True
"generated_2358",True
"generated_2359",True
"generated_2360",True
"generated_2361",True
"generated_2362",True
"generated_2363",True
"generated_2364",True
"generated_2365",True
"generated_2366",True
"generated_2367",True
"generated_2368",True
"generated_2369",True
"generated_2370",True
"generated_2371",True
"generated_2372",True
"generated_2373",True
"generated_2374",True
"generated_2375",True
"generated_2376",True
"generated_2377",True
"generated_2378",True
"generated_2379",True
"generated_2380",True
"generated_2381",True
"generated_2382",True
"generated_2383",True
"generated_2384",True
"generated_2385",True
"generated_2386",True
"generated_2387",True
"generated_2388",True
"generated_2389",True
"generated_2390",True
"generated_2391",True
"generated_2392",True
"generated_2393",True
"generated_2394",True
"generated_2395",True
"generated_2396",True
"generated_2397",True
"generated_2398",True
"generated_2399",True
"generated_2400",True
"generated_2401",True
"generated_2402",True
"generated_2403",True
"generated_2404",True
"generated_2405",True
"generated_2406",True
"generated_2407",True
"generated_2408",True
"generated_2409",True
"generated_2410",True
"generated_2411",True
"generated_2412",True
"generated_2413",True
"generated_2414",True
"generated_2415",True
"generated_2416",True
"generated_2417",True
"generated_2418",True
"generated_2419",True
"generated_2420",True
"generated_2421",True
"generated_2422",True
"generated_2423",True
"generated_2424",True
"generated_2425",True
"generated_2426",True
"generated_2427",True
"generated_2428",True
"generated_2429",True
"generated_2430",True
"generated_2431",True
"generated_2432",True
"generated_2433",True
"generated_2434",True
"generated_2435",True
"generated_2436",True
"generated_2437",True
"generated_2438",True
"generated_2439",True
"generated_2440",True
"generated_2441",True
"generated_2442",True
"generated_2443",True
"generated_2444",True
"generated_2445",True
"generated_2446",True
"generated_2447",True
"generated_2448",True
"generated_2449",True
"generated_2450",True
"generated_2451",True
"generated_2452",True
"generated_2453",True
"generated_2454",True
"generated_2455",True
"generated_2456",True
"generated_2457",True
"generated_2458",True
"generated_2459",True
"generated_2460",True
"generated_2461",True
"generated_2462",True
"generated_2463",True
"generated_2464",True
"generated_2465",True
"generated_2466",True
"generated_2467",True
"generated_2468",True
"generated_2469",True
"generated_2470",True
"generated_2471",True
"generated_2472",True
"generated_2473",True
"generated_2474",True
"generated_2475",True
"generated_2476",True
"generated_2477",True
"generated_2478",True
"generated_2479",True
"generated_2480",True
"generated_2481",True
"generated_2482",True
"generated_2483",True
"generated_2484",True
"generated_2485",True
"generated_2486",True
"generated_2487",True
"generated_2488",True
"generated_2489",True
"generated_2490",True
"generated_2491",True
"generated_2492",True
"generated_2493",True
"generated_2494",True
"generated_2495",True
"generated_2496",True
"generated_2497",True
"generated_2498",True
"generated_2499",True
"generated_2500",True
"generated_2501",True
"generated_2502",True
"generated_2503",True
"generated_2504",True
"generated_2505",True
"generated_2506",True
"generated_2507",True
"generated_2508",True
"generated_2509",True
"generated_2510",True
"generated_2511",True
"generated_2512",True
"generated_2513",True
"generated_2514",True
"generated_2515",True
"generated_2516",True
"generated_2517",True
"generated_2518",True
"generated_2519",True
"generated_2520",True
"generated_2521",True
"generated_2522",True
"generated_2523",True
"generated_2524",True
"generated_2525",True
"generated_2526",True
"generated_2527",True
"generated_2528",True
"generated_2529",True
"generated_2530",True
"generated_2531",True
"generated_2532",True
"generated_2533",True
"generated_2534",True
"generated_2535",True
"generated_2536",True
"generated_2537",True
"generated_2538",True
"generated_2539",True
"generated_2540",True
"generated_2541",True
"generated_2542",True
"generated_2543",True
"generated_2544",True
"generated_2545",True
"generated_2546",True
"generated_2547",True
"generated_2548",True
"generated_2549",True
"generated_2550",True
"generated_2551",True
"generated_2552",True
"generated_2553",True
"generated_2554",True
"generated_2555",True
"generated_2556",True
"generated_2557",True
"generated_2558",True
"generated_2559",True
"generated_2560",True
"generated_2561",True
"generated_2562",True
"generated_2563",True
"generated_2564",True
"generated_2565",True
"generated_2566",True
"generated_2567",True
"generated_2568",True
"generated_2569",True
"generated_2570",True
"generated_2571",True
"generated_2572",True
"generated_2573",True
"generated_2574",True
"generated_2575",True
"generated_2576",True
"generated_2577",True
"generated_2578",True
"generated_2579",True
"generated_2580",True
"generated_2581",True
"generated_2582",True
"generated_2583",True
"generated_2584",True
"generated_2585",True
"generated_2586",True
"generated_2587",True
"generated_2588",True
"generated_2589",True
"generated_2590",True
"generated_2591",True
"generated_2592",True
"generated_2593",True
"generated_2594",True
"generated_2595",True
"generated_2596",True
"generated_2597",True
"generated_2598",True
"generated_2599",True
"generated_2600",True
"generated_2601",True
"generated_2602",True
"generated_2603",True
"generated_2604",True
"generated_2605",True
"generated_2606",True
"generated_2607",True
"generated_2608",True
"generated_2609",True
"generated_2610",True
"generated_2611",True
"generated_2612",True
"generated_2613",True
"generated_2614",True
"generated_2615",True
"generated_2616",True
"generated_2617",True
"generated_2618",True
"generated_2619",True
"generated_2620",True
"generated_2621",True
"generated_2622",True
"generated_2623",True
"generated_2624",True
"generated_2625",True
"generated_2626",True
"generated_2627",True
"generated_2628",True
"generated_2629",True
"generated_2630",True
"generated_2631",True
"generated_2632",True
"generated_2633",True
"generated_2634",True
"generated_2635",True
"generated_2636",True
"generated_2637",True
"generated_2638",True
"generated_2639",True
"generated_2640",True
"generated_2641",True
"generated_2642",True
"generated_2643",True
"generated_2644",True
"generated_2645",True
"generated_2646",True
"generated_2647",True
"generated_2648",True
"generated_2649",True
"generated_2650",True
"generated_2651",True
"generated_2652",True
"generated_2653",True
"generated_2654",True
"generated_2655",True
"generated_2656",True
"generated_2657",True
"generated_2658",True
"generated_2659",True
"generated_2660",True
"generated_2661",True
"generated_2662",True
"generated_2663",True
"generated_2664",True
"generated_2665",True
"generated_2666",True
"generated_2667",True
"generated_2668",True
"generated_2669",True
"generated_2670",True
"generated_2671",True
"generated_2672",True
"generated_2673",True
"generated_2674",True
"generated_2675",True
"generated_2676",True
"generated_2677",True
"generated_2678",True
"generated_2679",True
"generated_2680",True
"generated_2681",True
"generated_2682",True
"generated_2683",True
"generated_2684",True
"generated_2685",True
"generated_2686",True
"generated_2687",True
"generated_2688",True
"generated_2689",True
"generated_2690",True
"generated_2691",True
"generated_2692",True
"generated_2693",True
"generated_2694",True
"generated_2695",True
"generated_2696",True
"generated_2697",True
"generated_2698",True
"generated_2699",True
"generated_2700",True
"generated_2701",True
"generated_2702",True
"generated_2703",True
"generated_2704",True
"generated_2705",True
"generated_2706",True
"generated_2707",True
"generated_2708",True
"generated_2709",True
"generated_2710",True
"generated_2711",True
"generated_2712",True
"generated_2713",True
"generated_2714",True
"generated_2715",True
"generated_2716",True
"generated_2717",True
"generated_2718",True
"generated_2719",True
"generated_2720",True
"generated_2721",True
"generated_2722",True
"generated_2723",True
"generated_2724",True
"generated_2725",True
"generated_2726",True
"generated_2727",True
"generated_2728",True
"generated_2729",True
"generated_2730",True
"generated_2731",True
"generated_2732",True
"generated_2733",True
"generated_2734",True
"generated_2735",True
"generated_2736",True
"generated_2737",True
"generated_2738",True
"generated_2739",True
"generated_2740",True
"generated_2741",True
"generated_2742",True
"generated_2743",True
"generated_2744",True
"generated_2745",True
"generated_2746",True
"generated_2747",True
"generated_2748",True
"generated_2749",True
"generated_2750",True
"generated_2751",True
"generated_2752",True
"generated_2753",True
"generated_2754",True
"generated_2755",True
"generated_2756",True
"generated_2757",True
"generated_2758",True
"generated_2759",True
"generated_2760",True
"generated_2761",True
"generated_2762",True
"generated_2763",True
"generated_2764",True
"generated_2765",True
"generated_2766",True
"generated_2767",True
"generated_2768",True
"generated_2769",True
"generated_2770",True
"generated_2771",True
"generated_2772",True
"generated_2773",True
"generated_2774",True
"generated_2775",True
"generated_2776",True
"generated_2777",True
"generated_2778",True
"generated_2779",True
"generated_2780",True
"generated_2781",True
"generated_2782",True
"generated_2783",True
"generated_2784",True
"generated_2785",True
"generated_2786",True
"generated_2787",True
"generated_2788",True
"generated_2789",True
"generated_2790",True
"generated_2791",True
"generated_2792",True
"generated_2793",True
"generated_2794",True
"generated_2795",True
"generated_2796",True
"generated_2797",True
"generated_2798",True
"generated_2799",True
"generated_2800",True
"generated_2801",True
"generated_2802",True
"generated_2803",True
"generated_2804",True
"generated_2805",True
"generated_2806",True
"generated_2807",True
"generated_2808",True
"generated_2809",True
"generated_2810",True
"generated_2811",True
"generated_2812",True
"generated_2813",True
"generated_2814",True
"generated_2815",True
"generated_2816",True
"generated_2817",True
"generated_2818",True
"generated_2819",True
"generated_2820",True
"generated_2821",True
"generated_2822",True
"generated_2823",True
"generated_2824",True
"generated_2825",True
"generated_2826",True
"generated_2827",True
"generated_2828",True
"generated_2829",True
"generated_2830",True
"generated_2831",True
"generated_2832",True
"generated_2833",True
"generated_2834",True
"generated_2835",True
"generated_2836",True
"generated_2837",True
"generated_2838",True
"generated_2839",True
"generated_2840",True
"generated_2841",True
"generated_2842",True
"generated_2843",True
"generated_2844",True
"generated_2845",True
"generated_2846",True
"generated_2847",True
"generated_2848",True
"generated_2849",True
"generated_2850",True
"generated_2851",True
"generated_2852",True
"generated_2853",True
"generated_2854",True
"generated_2855",True
"generated_2856",True
"generated_2857",True
"generated_2858",True
"generated_2859",True
"generated_2860",True
"generated_2861",True
"generated_2862",True
"generated_2863",True
"generated_2864",True
"generated_2865",True
"generated_2866",True
"generated_2867",True
"generated_2868",True
"generated_2869",True
"generated_2870",True
"generated_2871",True
"generated_2872",True
"generated_2873",True
"generated_2874",True
"generated_2875",True
"generated_2876",True
"generated_2877",True
"generated_2878",True
"generated_2879",True
"generated_2880",True
"generated_2881",True
"generated_2882",True
"generated_2883",True
"generated_2884",True
"generated_2885",True
"generated_2886",True
"generated_2887",True
"generated_2888",True
"generated_2889",True
"generated_2890",True
"generated_2891",True
"generated_2892",True
"generated_2893",True
"generated_2894",True
"generated_2895",True
"generated_2896",True
"generated_2897",True
"generated_2898",True
"generated_2899",True
"generated_2900",True
"generated_2901",True
"generated_2902",True
"generated_2903",True
"generated_2904",True
"generated_2905",True
"generated_2906",True
"generated_2907",True
"generated_2908",True
"generated_2909",True
"generated_2910",True
"generated_2911",True
"generated_2912",True
"generated_2913",True
"generated_2914",True
"generated_2915",True
"generated_2916",True
"generated_2917",True
"generated_2918",True
"generated_2919",True
"generated_2920",True
"generated_2921",True
"generated_2922",True
"generated_2923",True
"generated_2924",True
"generated_2925",True
"generated_2926",True
"generated_2927",True
"generated_2928",True
"generated_2929",True
"generated_2930",True
"generated_2931",True
"generated_2932",True
"generated_2933",True
"generated_2934",True
"generated_2935",True
"generated_2936",True
"generated_2937",True
"generated_2938",True
"generated_2939",True
"generated_2940",True
"generated_2941",True
"generated_2942",True
"generated_2943",True
"generated_2944",True
"generated_2945",True
"generated_2946",True
"generated_2947",True
"generated_2948",True
"generated_2949",True
"generated_2950",True
"generated_2951",True
"generated_2952",True
"generated_2953",True
"generated_2954",True
"generated_2955",True
"generated_2956",True
"generated_2957",True
"generated_2958",True
"generated_2959",True
"generated_2960",True
"generated_2961",True
"generated_2962",True
"generated_2963",True
"generated_2964",True
"generated_2965",True
"generated_2966",True
"generated_2967",True
"generated_2968",True
"generated_2969",True
"generated_2970",True
"generated_2971",True
"generated_2972",True
"generated_2973",True
"generated_2974",True
"generated_2975",True
"generated_2976",True
"generated_2977",True
"generated_2978",True
"generated_2979",True
"generated_2980",True
"generated_2981",True
"generated_2982",True
"generated_2983",True
"generated_2984",True
"generated_2985",True
"generated_2986",True
"generated_2987",True
"generated_2988",True
"generated_2989",True
"generated_2990",True
"generated_2991",True
"generated_2992",True
"generated_2993",True
"generated_2994",True
"generated_2995",True
"generated_2996",True
"generated_2997",True
"generated_2998",True
"generated_2999",True
"generated_3000",True
"generated_3001",True
"generated_3002",True
"generated_3003",True
"generated_3004",True
"generated_3005",True
"generated_3006",True
"generated_3007",True
"generated_3008",True
"generated_3009",True
"generated_3010",True
"generated_3011",True
"generated_3012",True
"generated_3013",True
"generated_3014",True
"generated_3015",True
"generated_3016",True
"generated_3017",True
"generated_3018",True
"generated_3019",True
"generated_3020",True
"generated_3021",True
"generated_3022",True
"generated_3023",True
"generated_3024",True
"generated_3025",True
"generated_3026",True
"generated_3027",True
"generated_3028",True
"generated_3029",True
"generated_3030",True
"generated_3031",True
"generated_3032",True
"generated_3033",True
"generated_3034",True
"generated_3035",True
"generated_3036",True
"generated_3037",True
"generated_3038",True
"generated_3039",True
"generated_3040",True
"generated_3041",True
"generated_3042",True
"generated_3043",True
"generated_3044",True
"generated_3045",True
"generated_3046",True
"generated_3047",True
"generated_3048",True
"generated_3049",True
"generated_3050",True
"generated_3051",True
"generated_3052",True
"generated_3053",True
"generated_3054",True
"generated_3055",True
"generated_3056",True
"generated_3057",True
"generated_3058",True
"generated_3059",True
"generated_3060",True
"generated_3061",True
"generated_3062",True
"generated_3063",True
"generated_3064",True
"generated_3065",True
"generated_3066",True
"generated_3067",True
"generated_3068",True
"generated_3069",True
"generated_3070",True
"generated_3071",True
"generated_3072",True
"generated_3073",True
"generated_3074",True
"generated_3075",True
"generated_3076",True
"generated_3077",True
"generated_3078",True
"generated_3079",True
"generated_3080",True
"generated_3081",True
"generated_3082",True
"generated_3083",True
"generated_3084",True
"generated_3085",True
"generated_3086",True
"generated_3087",True
"generated_3088",True
"generated_3089",True
"generated_3090",True
"generated_3091",True
"generated_3092",True
"generated_3093",True
"generated_3094",True
"generated_3095",True
"generated_3096",True
"generated_3097",True
"generated_3098",True
"generated_3099",True
"generated_3100",True
"generated_3101",True
"generated_3102",True
"generated_3103",True
"generated_3104",True
"generated_3105",True
"generated_3106",True
"generated_3107",True
"generated_3108",True
"generated_3109",True
"generated_3110",True
"generated_3111",True
"generated_3112",True
"generated_3113",True
"generated_3114",True
"generated_3115",True
"generated_3116",True
"generated_3117",True
"generated_3118",True
"generated_3119",True
"generated_3120",True
"generated_3121",True
"generated_3122",True
"generated_3123",True
"generated_3124",True
"generated_3125",True
"generated_3126",True
"generated_3127",True
"generated_3128",True
"generated_3129",True
"generated_3130",True
"generated_3131",True
"generated_3132",True
"generated_3133",True
"generated_3134",True
"generated_3135",True
"generated_3136",True
"generated_3137",True
"generated_3138",True
"generated_3139",True
"generated_3140",True
"generated_3141",True
"generated_3142",True
"generated_3143",True
"generated_3144",True
"generated_3145",True
"generated_3146",True
"generated_3147",True
"generated_3148",True
"generated_3149",True
"generated_3150",True
"generated_3151",True
"generated_3152",True
"generated_3153",True
"generated_3154",True
"generated_3155",True
"generated_3156",True
"generated_3157",True
"generated_3158",True
"generated_3159",True
"generated_3160",True
"generated_3161",True
"generated_3162",True
"generated_3163",True
"generated_3164",True
"generated_3165",True
"generated_3166",True
"generated_3167",True
"generated_3168",True
"generated_3169",True
"generated_3170",True
"generated_3171",True
"generated_3172",True
"generated_3173",True
"generated_3174",True
"generated_3175",True
"generated_3176",True
"generated_3177",True
"generated_3178",True
"generated_3179",True
"generated_3180",True
"generated_3181",True
"generated_3182",True
"generated_3183",True
"generated_3184",True
"generated_3185",True
"generated_3186",True
"generated_3187",True
"generated_3188",True
"generated_3189",True
"generated_3190",True
"generated_3191",True
"generated_3192",True
"generated_3193",True
"generated_3194",True
"generated_3195",True
"generated_3196",True
"generated_3197",True
"generated_3198",True
"generated_3199",True
"generated_3200",True
"generated_3201",True
"generated_3202",True
"generated_3203",True
"generated_3204",True
"generated_3205",True
"generated_3206",True
"generated_3207",True
"generated_3208",True
"generated_3209",True
"generated_3210",True
"generated_3211",True
"generated_3212",True
"generated_3213",True
"generated_3214",True
"generated_3215",True
"generated_3216",True
"generated_3217",True
"generated_3218",True
"generated_3219",True
"generated_3220",True
"generated_3221",True
"generated_3222",True
"generated_3223",True
"generated_3224",True
"generated_3225",True
"generated_3226",True
"generated_3227",True
"generated_3228",True
"generated_3229",True
"generated_3230",True
"generated_3231",True
"generated_3232",True
"generated_3233",True
"generated_3234",True
"generated_3235",True
"generated_3236",True
"generated_3237",True
"generated_3238",True
"generated_3239",True
"generated_3240",True
"generated_3241",True
"generated_3242",True
"generated_3243",True
"generated_3244",True
"generated_3245",True
"generated_3246",True
"generated_3247",True
"generated_3248",True
"generated_3249",True
"generated_3250",True
"generated_3251",True
"generated_3252",True
"generated_3253",True
"generated_3254",True
"generated_3255",True
"generated_3256",True
"generated_3257",True
"generated_3258",True
"generated_3259",True
"generated_3260",True
"generated_3261",True
"generated_3262",True
"generated_3263",True
"generated_3264",True
"generated_3265",True
"generated_3266",True
"generated_3267",True
"generated_3268",True
"generated_3269",True
"generated_3270",True
"generated_3271",True
"generated_3272",True
"generated_3273",True
"generated_3274",True
"generated_3275",True
"generated_3276",True
"generated_3277",True
"generated_3278",True
"generated_3279",True
"generated_3280",True
"generated_3281",True
"generated_3282",True
"generated_3283",True
"generated_3284",True
"generated_3285",True
"generated_3286",True
"generated_3287",True
"generated_3288",True
"generated_3289",True
"generated_3290",True
"generated_3291",True
"generated_3292",True
"generated_3293",True
"generated_3294",True
"generated_3295",True
"generated_3296",True
"generated_3297",True
"generated_3298",True
"generated_3299",True
"generated_3300",True
"generated_3301",True
"generated_3302",True
"generated_3303",True
"generated_3304",True
"generated_3305",True
"generated_3306",True
"generated_3307",True
"generated_3308",True
"generated_3309",True
"generated_3310",True
"generated_3311",True
"generated_3312",True
"generated_3313",True
"generated_3314",True
"generated_3315",True
"generated_3316",True
"generated_3317",True
"generated_3318",True
"generated_3319",True
"generated_3320",True
"generated_3321",True
"generated_3322",True
"generated_3323",True
"generated_3324",True
"generated_3325",True
"generated_3326",True
"generated_3327",True
"generated_3328",True
"generated_3329",True
"generated_3330",True
"generated_3331",True
"generated_3332",True
"generated_3333",True
"generated_3334",True
"generated_3335",True
"generated_3336",True
"generated_3337",True
"generated_3338",True
"generated_3339",True
"generated_3340",True
"generated_3341",True
"generated_3342",True
"generated_3343",True
"generated_3344",True
"generated_3345",True
"generated_3346",True
"generated_3347",True
"generated_3348",True
"generated_3349",True
"generated_3350",True
"generated_3351",True
"generated_3352",True
"generated_3353",True
"generated_3354",True
"generated_3355",True
"generated_3356",True
"generated_3357",True
"generated_3358",True
"generated_3359",True
"generated_3360",True
"generated_3361",True
"generated_3362",True
"generated_3363",True
"generated_3364",True
"generated_3365",True
"generated_3366",True
"generated_3367",True
"generated_3368",True
"generated_3369",True
"generated_3370",True
"generated_3371",True
"generated_3372",True
"generated_3373",True
"generated_3374",True
"generated_3375",True
"generated_3376",True
"generated_3377",True
"generated_3378",True
"generated_3379",True
"generated_3380",True
"generated_3381",True
"generated_3382",True
"generated_3383",True
"generated_3384",True
"generated_3385",True
"generated_3386",True
"generated_3387",True
"generated_3388",True
"generated_3389",True
"generated_3390",True
"generated_3391",True
"generated_3392",True
"generated_3393",True
"generated_3394",True
"generated_3395",True
"generated_3396",True
"generated_3397",True
"generated_3398",True
"generated_3399",True
"generated_3400",True
"generated_3401",True
"generated_3402",True
"generated_3403",True
"generated_3404",True
"generated_3405",True
"generated_3406",True
"generated_3407",True
"generated_3408",True
"generated_3409",True
"generated_3410",True
"generated_3411",True
"generated_3412",True
"generated_3413",True
"generated_3414",True
"generated_3415",True
"generated_3416",True
"generated_3417",True
"generated_3418",True
"generated_3419",True
"generated_3420",True
"generated_3421",True
"generated_3422",True
"generated_3423",True
"generated_3424",True
"generated_3425",True
"generated_3426",True
"generated_3427",True
"generated_3428",True
"generated_3429",True
"generated_3430",True
"generated_3431",True
"generated_3432",True
"generated_3433",True
"generated_3434",True
"generated_3435",True
"generated_3436",True
"generated_3437",True
"generated_3438",True
"generated_3439",True
"generated_3440",True
"generated_3441",True
"generated_3442",True
"generated_3443",True
"generated_3444",True
"generated_3445",True
"generated_3446",True
"generated_3447",True
"generated_3448",True
"generated_3449",True
"generated_3450",True
"generated_3451",True
"generated_3452",True
"generated_3453",True
"generated_3454",True
"generated_3455",True
"generated_3456",True
"generated_3457",True
"generated_3458",True
"generated_3459",True
"generated_3460",True
"generated_3461",True
"generated_3462",True
"generated_3463",True
"generated_3464",True
"generated_3465",True
"generated_3466",True
"generated_3467",True
"generated_3468",True
"generated_3469",True
"generated_3470",True
"generated_3471",True
"generated_3472",True
"generated_3473",True
"generated_3474",True
"generated_3475",True
"generated_3476",True
"generated_3477",True
"generated_3478",True
"generated_3479",True
"generated_3480",True
"generated_3481",True
"generated_3482",True
"generated_3483",True
"generated_3484",True
"generated_3485",True
"generated_3486",True
"generated_3487",True
"generated_3488",True
"generated_3489",True
"generated_3490",True
"generated_3491",True
"generated_3492",True
"generated_3493",True
"generated_3494",True
"generated_3495",True
"generated_3496",True
"generated_3497",True
"generated_3498",True
"generated_3499",True
"generated_3500",True
"generated_3501",True
"generated_3502",True
"generated_3503",True
"generated_3504",True
"generated_3505",True
"generated_3506",True
"generated_3507",True
"generated_3508",True
"generated_3509",True
"generated_3510",True
"generated_3511",True
"generated_3512",True
"generated_3513",True
"generated_3514",True
"generated_3515",True
"generated_3516",True
"generated_3517",True
"generated_3518",True
"generated_3519",True
"generated_3520",True
"generated_3521",True
"generated_3522",True
"generated_3523",True
"generated_3524",True
"generated_3525",True
"generated_3526",True
"generated_3527",True
"generated_3528",True
"generated_3529",True
"generated_3530",True
"generated_3531",True
"generated_3532",True
"generated_3533",True
"generated_3534",True
"generated_3535",True
"generated_3536",True
"generated_3537",True
"generated_3538",True
"generated_3539",True
"generated_3540",True
"generated_3541",True
"generated_3542",True
"generated_3543",True
"generated_3544",True
"generated_3545",True
"generated_3546",True
"generated_3547",True
"generated_3548",True
"generated_3549",True
"generated_3550",True
"generated_3551",True
"generated_3552",True
"generated_3553",True
"generated_3554",True
"generated_3555",True
"generated_3556",True
"generated_3557",True
"generated_3558",True
"generated_3559",True
"generated_3560",True
"generated_3561",True
"generated_3562",True
"generated_3563",True
"generated_3564",True
"generated_3565",True
"generated_3566",True
"generated_3567",True
"generated_3568",True
"generated_3569",True
"generated_3570",True
"generated_3571",True
"generated_3572",True
"generated_3573",True
"generated_3574",True
"generated_3575",True
"generated_3576",True
"generated_3577",True
"generated_3578",True
"generated_3579",True
"generated_3580",True
"generated_3581",True
"generated_3582",True
"generated_3583",True
"generated_3584",True
"generated_3585",True
"generated_3586",True
"generated_3587",True
"generated_3588",True
"generated_3589",True
"generated_3590",True
"generated_3591",True
"generated_3592",True
"generated_3593",True
"generated_3594",True
"generated_3595",True
"generated_3596",True
"generated_3597",True
"generated_3598",True
"generated_3599",True
"generated_3600",True
"generated_3601",True
"generated_3602",True
"generated_3603",True
"generated_3604",True
"generated_3605",True
"generated_3606",True
"generated_3607",True
"generated_3608",True
"generated_3609",True
"generated_3610",True
"generated_3611",True
"generated_3612",True
"generated_3613",True
"generated_3614",True
"generated_3615",True
"generated_3616",True
"generated_3617",True
"generated_3618",True
"generated_3619",True
"generated_3620",True
"generated_3621",True
"generated_3622",True
"generated_3623",True
"generated_3624",True
"generated_3625",True
"generated_3626",True
"generated_3627",True
"generated_3628",True
"generated_3629",True
"generated_3630",True
"generated_3631",True
"generated_3632",True
"generated_3633",True
"generated_3634",True
"generated_3635",True
"generated_3636",True
"generated_3637",True
"generated_3638",True
"generated_3639",True
"generated_3640",True
"generated_3641",True
"generated_3642",True
"generated_3643",True
"generated_3644",True
"generated_3645",True
"generated_3646",True
"generated_3647",True
"generated_3648",True
"generated_3649",True
"generated_3650",True
"generated_3651",True
"generated_3652",True
"generated_3653",True
"generated_3654",True
"generated_3655",True
"generated_3656",True
"generated_3657",True
"generated_3658",True
"generated_3659",True
"generated_3660",True
"generated_3661",True
"generated_3662",True
"generated_3663",True
"generated_3664",True
"generated_3665",True
"generated_3666",True
"generated_3667",True
"generated_3668",True
"generated_3669",True
"generated_3670",True
"generated_3671",True
"generated_3672",True
"generated_3673",True
"generated_3674",True
"generated_3675",True
"generated_3676",True
"generated_3677",True
"generated_3678",True
"generated_3679",True
"generated_3680",True
"generated_3681",True
"generated_3682",True
"generated_3683",True
"generated_3684",True
"generated_3685",True
"generated_3686",True
"generated_3687",True
"generated_3688",True
"generated_3689",True
"generated_3690",True
"generated_3691",True
"generated_3692",True
"generated_3693",True
"generated_3694",True
"generated_3695",True
"generated_3696",True
"generated_3697",True
"generated_3698",True
"generated_3699",True
"generated_3700",True
"generated_3701",True
"generated_3702",True
"generated_3703",True
"generated_3704",True
"generated_3705",True
"generated_3706",True
"generated_3707",True
"generated_3708",True
"generated_3709",True
"generated_3710",True
"generated_3711",True
"generated_3712",True
"generated_3713",True
"generated_3714",True
"generated_3715",True
"generated_3716",True
"generated_3717",True
"generated_3718",True
"generated_3719",True
"generated_3720",True
"generated_3721",True
"generated_3722",True
"generated_3723",True
"generated_3724",True
"generated_3725",True
"generated_3726",True
"generated_3727",True
"generated_3728",True
"generated_3729",True
"generated_3730",True
"generated_3731",True
"generated_3732",True
"generated_3733",True
"generated_3734",True
"generated_3735",True
"generated_3736",True
"generated_3737",True
"generated_3738",True
"generated_3739",True
"generated_3740",True
"generated_3741",True
"generated_3742",True
"generated_3743",True
"generated_3744",True
"generated_3745",True
"generated_3746",True
"generated_3747",True
"generated_3748",True
"generated_3749",True
"generated_3750",True
"generated_3751",True
"generated_3752",True
"generated_3753",True
"generated_3754",True
"generated_3755",True
"generated_3756",True
"generated_3757",True
"generated_3758",True
"generated_3759",True
"generated_3760",True
"generated_3761",True
"generated_3762",True
"generated_3763",True
"generated_3764",True
"generated_3765",True
"generated_3766",True
"generated_3767",True
"generated_3768",True
"generated_3769",True
"generated_3770",True
"generated_3771",True
"generated_3772",True
"generated_3773",True
"generated_3774",True
"generated_3775",True
"generated_3776",True
"generated_3777",True
"generated_3778",True
"generated_3779",True
"generated_3780",True
"generated_3781",True
"generated_3782",True
"generated_3783",True
"generated_3784",True
"generated_3785",True
"generated_3786",True
"generated_3787",True
"generated_3788",True
"generated_3789",True
"generated_3790",True
"generated_3791",True
"generated_3792",True
"generated_3793",True
"generated_3794",True
"generated_3795",True
"generated_3796",True
"generated_3797",True
"generated_3798",True
"generated_3799",True
"generated_3800",True
"generated_3801",True
"generated_3802",True
"generated_3803",True
"generated_3804",True
"generated_3805",True
"generated_3806",True
"generated_3807",True
"generated_3808",True
"generated_3809",True
"generated_3810",True
"generated_3811",True
"generated_3812",True
"generated_3813",True
"generated_3814",True
"generated_3815",True
"generated_3816",True
"generated_3817",True
"generated_3818",True
"generated_3819",True
"generated_3820",True
"generated_3821",True
"generated_3822",True
"generated_3823",True
"generated_3824",True
"generated_3825",True
"generated_3826",True
"generated_3827",True
"generated_3828",True
"generated_3829",True
"generated_3830",True
"generated_3831",True
"generated_3832",True
"generated_3833",True
"generated_3834",True
"generated_3835",True
"generated_3836",True
"generated_3837",True
"generated_3838",True
"generated_3839",True
"generated_3840",True
"generated_3841",True
"generated_3842",True
"generated_3843",True
"generated_3844",True
"generated_3845",True
"generated_3846",True
"generated_3847",True
"generated_3848",True
"generated_3849",True
"generated_3850",True
"generated_3851",True
"generated_3852",True
"generated_3853",True
"generated_3854",True
"generated_3855",True
"generated_3856",True
"generated_3857",True
"generated_3858",True
"generated_3859",True
"generated_3860",True
"generated_3861",True
"generated_3862",True
"generated_3863",True
"generated_3864",True
"generated_3865",True
"generated_3866",True
"generated_3867",True
"generated_3868",True
"generated_3869",True
"generated_3870",True
"generated_3871",True
"generated_3872",True
"generated_3873",True
"generated_3874",True
"generated_3875",True
"generated_3876",True
"generated_3877",True
"generated_3878",True
"generated_3879",True
"generated_3880",True
"generated_3881",True
"generated_3882",True
"generated_3883",True
"generated_3884",True
"generated_3885",True
"generated_3886",True
"generated_3887",True
"generated_3888",True
"generated_3889",True
"generated_3890",True
"generated_3891",True
"generated_3892",True
"generated_3893",True
"generated_3894",True
"generated_3895",True
"generated_3896",True
"generated_3897",True
"generated_3898",True
"generated_3899",True
"generated_3900",True
"generated_3901",True
"generated_3902",True
"generated_3903",True
"generated_3904",True
"generated_3905",True
"generated_3906",True
"generated_3907",True
"generated_3908",True
"generated_3909",True
"generated_3910",True
"generated_3911",True
"generated_3912",True
"generated_3913",True
"generated_3914",True
"generated_3915",True
"generated_3916",True
"generated_3917",True
"generated_3918",True
"generated_3919",True
"generated_3920",True
"generated_3921",True
"generated_3922",True
"generated_3923",True
"generated_3924",True
"generated_3925",True
"generated_3926",True
"generated_3927",True
"generated_3928",True
"generated_3929",True
"generated_3930",True
"generated_3931",True
"generated_3932",True
"generated_3933",True
"generated_3934",True
"generated_3935",True
"generated_3936",True
"generated_3937",True
"generated_3938",True
"generated_3939",True
"generated_3940",True
"generated_3941",True
"generated_3942",True
"generated_3943",True
"generated_3944",True
"generated_3945",True
"generated_3946",True
"generated_3947",True
"generated_3948",True
"generated_3949",True
"generated_3950",True
"generated_3951",True
"generated_3952",True
"generated_3953",True
"generated_3954",True
"generated_3955",True
"generated_3956",True
"generated_3957",True
"generated_3958",True
"generated_3959",True
"generated_3960",True
"generated_3961",True
"generated_3962",True
"generated_3963",True
"generated_3964",True
"generated_3965",True
"generated_3966",True
"generated_3967",True
"generated_3968",True
"generated_3969",True
"generated_3970",True
"generated_3971",True
"generated_3972",True
"generated_3973",True
"generated_3974",True
"generated_3975",True
"generated_3976",True
"generated_3977",True
"generated_3978",True
"generated_3979",True
"generated_3980",True
"generated_3981",True
"generated_3982",True
"generated_3983",True
"generated_3984",True
"generated_3985",True
"generated_3986",True
"generated_3987",True
"generated_3988",True
"generated_3989",True
"generated_3990",True
"generated_3991",True
"generated_3992",True
"generated_3993",True
"generated_3994",True
"generated_3995",True
"generated_3996",True
"generated_3997",True
"generated_3998",True
"generated_3999",True
"generated_4000",True
"generated_4001",True
"generated_4002",True
"generated_4003",True
"generated_4004",True
"generated_4005",True
"generated_4006",True
"generated_4007",True
"generated_4008",True
"generated_4009",True
"generated_4010",True
"generated_4011",True
"generated_4012",True
"generated_4013",True
"generated_4014",True
"generated_4015",True
"generated_4016",True
"generated_4017",True
"generated_4018",True
"generated_4019",True
"generated_4020",True
"generated_4021",True
"generated_4022",True
"generated_4023",True
"generated_4024",True
"generated_4025",True
"generated_4026",True
"generated_4027",True
"generated_4028",True
"generated_4029",True
"generated_4030",True
"generated_4031",True
"generated_4032",True
"generated_4033",True
"generated_4034",True
"generated_4035",True
"generated_4036",True
"generated_4037",True
"generated_4038",True
"generated_4039",True
"generated_4040",True
"generated_4041",True
"generated_4042",True
"generated_4043",True
"generated_4044",True
"generated_4045",True
"generated_4046",True
"generated_4047",True
"generated_4048",True
"generated_4049",True
"generated_4050",True
"generated_4051",True
"generated_4052",True
"generated_4053",True
"generated_4054",True
"generated_4055",True
"generated_4056",True
"generated_4057",True
"generated_4058",True
"generated_4059",True
"generated_4060",True
"generated_4061",True
"generated_4062",True
"generated_4063",True
"generated_4064",True
"generated_4065",True
"generated_4066",True
"generated_4067",True
"generated_4068",True
"generated_4069",True
"generated_4070",True
"generated_4071",True
"generated_4072",True
"generated_4073",True
"generated_4074",True
"generated_4075",True
"generated_4076",True
"generated_4077",True
"generated_4078",True
"generated_4079",True
"generated_4080",True
"generated_4081",True
"generated_4082",True
"generated_4083",True
"generated_4084",True
"generated_4085",True
"generated_4086",True
"generated_4087",True
"generated_4088",True
"generated_4089",True
"generated_4090",True
"generated_4091",True
"generated_4092",True
"generated_4093",True
"generated_4094",True
"generated_4095",True
"generated_4096",True
"generated_4097",True
"generated_4098",True
"generated_4099",True
"generated_4100",True
"generated_4101",True
"generated_4102",True
"generated_4103",True
"generated_4104",True
"generated_4105",True
"generated_4106",True
"generated_4107",True
"generated_4108",True
"generated_4109",True
"generated_4110",True
"generated_4111",True
"generated_4112",True
"generated_4113",True
"generated_4114",True
"generated_4115",True
"generated_4116",True
"generated_4117",True
"generated_4118",True
"generated_4119",True
"generated_4120",True
"generated_4121",True
"generated_4122",True
"generated_4123",True
"generated_4124",True
"generated_4125",True
"generated_4126",True
"generated_4127",True
"generated_4128",True
"generated_4129",True
"generated_4130",True
"generated_4131",True
"generated_4132",True
"generated_4133",True
"generated_4134",True
"generated_4135",True
"generated_4136",True
"generated_4137",True
"generated_4138",True
"generated_4139",True
"generated_4140",True
"generated_4141",True
"generated_4142",True
"generated_4143",True
"generated_4144",True
"generated_4145",True
"generated_4146",True
"generated_4147",True
"generated_4148",True
"generated_4149",True
"generated_4150",True
"generated_4151",True
"generated_4152",True
"generated_4153",True
"generated_4154",True
"generated_4155",True
"generated_4156",True
"generated_4157",True
"generated_4158",True
"generated_4159",True
"generated_4160",True
"generated_4161",True
"generated_4162",True
"generated_4163",True
"generated_4164",True
"generated_4165",True
"generated_4166",True
"generated_4167",True
"generated_4168",True
"generated_4169",True
"generated_4170",True
"generated_4171",True
"generated_4172",True
"generated_4173",True
"generated_4174",True
"generated_4175",True
"generated_4176",True
"generated_4177",True
"generated_4178",True
"generated_4179",True
"generated_4180",True
"generated_4181",True
"generated_4182",True
"generated_4183",True
"generated_4184",True
"generated_4185",True
"generated_4186",True
"generated_4187",True
"generated_4188",True
"generated_4189",True
"generated_4190",True
"generated_4191",True
"generated_4192",True
"generated_4193",True
"generated_4194",True
"generated_4195",True
"generated_4196",True
"generated_4197",True
"generated_4198",True
"generated_4199",True
"generated_4200",True
"generated_4201",True
"generated_4202",True
"generated_4203",True
"generated_4204",True
"generated_4205",True
"generated_4206",True
"generated_4207",True
"generated_4208",True
"generated_4209",True
"generated_4210",True
"generated_4211",True
"generated_4212",True
"generated_4213",True
"generated_4214",True
"generated_4215",True
"generated_4216",True
"generated_4217",True
"generated_4218",True
"generated_4219",True
"generated_4220",True
"generated_4221",True
"generated_4222",True
"generated_4223",True
"generated_4224",True
"generated_4225",True
"generated_4226",True
"generated_4227",True
"generated_4228",True
"generated_4229",True
"generated_4230",True
"generated_4231",True
"generated_4232",True
"generated_4233",True
"generated_4234",True
"generated_4235",True
"generated_4236",True
"generated_4237",True
"generated_4238",True
"generated_4239",True
"generated_4240",True
"generated_4241",True
"generated_4242",True
"generated_4243",True
"generated_4244",True
"generated_4245",True
"generated_4246",True
"generated_4247",True
"generated_4248",True
"generated_4249",True
"generated_4250",True
"generated_4251",True
"generated_4252",True
"generated_4253",True
"generated_4254",True
"generated_4255",True
"generated_4256",True
"generated_4257",True
"generated_4258",True
"generated_4259",True
"generated_4260",True
"generated_4261",True
"generated_4262",True
"generated_4263",True
"generated_4264",True
"generated_4265",True
"generated_4266",True
"generated_4267",True
"generated_4268",True
"generated_4269",True
"generated_4270",True
"generated_4271",True
"generated_4272",True
"generated_4273",True
"generated_4274",True
"generated_4275",True
"generated_4276",True
"generated_4277",True
"generated_4278",True
"generated_4279",True
"generated_4280",True
"generated_4281",True
"generated_4282",True
"generated_4283",True
"generated_4284",True
"generated_4285",True
"generated_4286",True
"generated_4287",True
"generated_4288",True
"generated_4289",True
"generated_4290",True
"generated_4291",True
"generated_4292",True
"generated_4293",True
"generated_4294",True
"generated_4295",True
"generated_4296",True
"generated_4297",True
"generated_4298",True
"generated_4299",True
"generated_4300",True
"generated_4301",True
"generated_4302",True
"generated_4303",True
"generated_4304",True
"generated_4305",True
"generated_4306",True
"generated_4307",True
"generated_4308",True
"generated_4309",True
"generated_4310",True
"generated_4311",True
"generated_4312",True
"generated_4313",True
"generated_4314",True
"generated_4315",True
"generated_4316",True
"generated_4317",True
"generated_4318",True
"generated_4319",True
"generated_4320",True
"generated_4321",True
"generated_4322",True
"generated_4323",True
"generated_4324",True
"generated_4325",True
"generated_4326",True
"generated_4327",True
"generated_4328",True
"generated_4329",True
"generated_4330",True
"generated_4331",True
"generated_4332",True
"generated_4333",True
"generated_4334",True
"generated_4335",True
"generated_4336",True
"generated_4337",True
"generated_4338",True
"generated_4339",True
"generated_4340",True
"generated_4341",True
"generated_4342",True
"generated_4343",True
"generated_4344",True
"generated_4345",True
"generated_4346",True
"generated_4347",True
"generated_4348",True
"generated_4349",True
"generated_4350",True
"generated_4351",True
"generated_4352",True
"generated_4353",True
"generated_4354",True
"generated_4355",True
"generated_4356",True
"generated_4357",True
"generated_4358",True
"generated_4359",True
"generated_4360",True
"generated_4361",True
"generated_4362",True
"generated_4363",True
"generated_4364",True
"generated_4365",True
"generated_4366",True
"generated_4367",True
"generated_4368",True
"generated_4369",True
"generated_4370",True
"generated_4371",True
"generated_4372",True
"generated_4373",True
"generated_4374",True
"generated_4375",True
"generated_4376",True
"generated_4377",True
"generated_4378",True
"generated_4379",True
"generated_4380",True
"generated_4381",True
"generated_4382",True
"generated_4383",True
"generated_4384",True
"generated_4385",True
"generated_4386",True
"generated_4387",True
"generated_4388",True
"generated_4389",True
"generated_4390",True
"generated_4391",True
"generated_4392",True
"generated_4393",True
"generated_4394",True
"generated_4395",True
"generated_4396",True
"generated_4397",True
"generated_4398",True
"generated_4399",True
"generated_4400",True
"generated_4401",True
"generated_4402",True
"generated_4403",True
"generated_4404",True
"generated_4405",True
"generated_4406",True
"generated_4407",True
"generated_4408",True
"generated_4409",True
"generated_4410",True
"generated_4411",True
"generated_4412",True
"generated_4413",True
"generated_4414",True
"generated_4415",True
"generated_4416",True
"generated_4417",True
"generated_4418",True
"generated_4419",True
"generated_4420",True
"generated_4421",True
"generated_4422",True
"generated_4423",True
"generated_4424",True
"generated_4425",True
"generated_4426",True
"generated_4427",True
"generated_4428",True
"generated_4429",True
"generated_4430",True
"generated_4431",True
"generated_4432",True
"generated_4433",True
"generated_4434",True
"generated_4435",True
"generated_4436",True
"generated_4437",True
"generated_4438",True
"generated_4439",True
"generated_4440",True
"generated_4441",True
"generated_4442",True
"generated_4443",True
"generated_4444",True
"generated_4445",True
"generated_4446",True
"generated_4447",True
"generated_4448",True
"generated_4449",True
"generated_4450",True
"generated_4451",True
"generated_4452",True
"generated_4453",True
"generated_4454",True
"generated_4455",True
"generated_4456",True
"generated_4457",True
"generated_4458",True
"generated_4459",True
"generated_4460",True
"generated_4461",True
"generated_4462",True
"generated_4463",True
"generated_4464",True
"generated_4465",True
"generated_4466",True
"generated_4467",True
"generated_4468",True
"generated_4469",True
"generated_4470",True
"generated_4471",True
"generated_4472",True
"generated_4473",True
"generated_4474",True
"generated_4475",True
"generated_4476",True
"generated_4477",True
"generated_4478",True
"generated_4479",True
"generated_4480",True
"generated_4481",True
"generated_4482",True
"generated_4483",True
"generated_4484",True
"generated_4485",True
"generated_4486",True
"generated_4487",True
"generated_4488",True
"generated_4489",True
"generated_4490",True
"generated_4491",True
"generated_4492",True
"generated_4493",True
"generated_4494",True
"generated_4495",True
"generated_4496",True
"generated_4497",True
"generated_4498",True
"generated_4499",True
"generated_4500",True
"generated_4501",True
"generated_4502",True
"generated_4503",True
"generated_4504",True
"generated_4505",True
"generated_4506",True
"generated_4507",True
"generated_4508",True
"generated_4509",True
"generated_4510",True
"generated_4511",True
"generated_4512",True
"generated_4513",True
"generated_4514",True
"generated_4515",True
"generated_4516",True
"generated_4517",True
"generated_4518",True
"generated_4519",True
"generated_4520",True
"generated_4521",True
"generated_4522",True
"generated_4523",True
"generated_4524",True
"generated_4525",True
"generated_4526",True
"generated_4527",True
"generated_4528",True
"generated_4529",True
"generated_4530",True
"generated_4531",True
"generated_4532",True
"generated_4533",True
"generated_4534",True
"generated_4535",True
"generated_4536",True
"generated_4537",True
"generated_4538",True
"generated_4539",True
"generated_4540",True
"generated_4541",True
"generated_4542",True
"generated_4543",True
"generated_4544",True
"generated_4545",True
"generated_4546",True
"generated_4547",True
"generated_4548",True
"generated_4549",True
"generated_4550",True
"generated_4551",True
"generated_4552",True
"generated_4553",True
"generated_4554",True
"generated_4555",True
"generated_4556",True
"generated_4557",True
"generated_4558",True
"generated_4559",True
"generated_4560",True
"generated_4561",True
"generated_4562",True
"generated_4563",True
"generated_4564",True
"generated_4565",True
"generated_4566",True
"generated_4567",True
"generated_4568",True
"generated_4569",True
"generated_4570",True
"generated_4571",True
"generated_4572",True
"generated_4573",True
"generated_4574",True
"generated_4575",True
"generated_4576",True
"generated_4577",True
"generated_4578",True
"generated_4579",True
"generated_4580",True
"generated_4581",True
"generated_4582",True
"generated_4583",True
"generated_4584",True
"generated_4585",True
"generated_4586",True
"generated_4587",True
"generated_4588",True
"generated_4589",True
"generated_4590",True
"generated_4591",True
"generated_4592",True
"generated_4593",True
"generated_4594",True
"generated_4595",True
"generated_4596",True
"generated_4597",True
"generated_4598",True
"generated_4599",True
"generated_4600",True
"generated_4601",True
"generated_4602",True
"generated_4603",True
"generated_4604",True
"generated_4605",True
"generated_4606",True
"generated_4607",True
"generated_4608",True
"generated_4609",True
"generated_4610",True
"generated_4611",True
"generated_4612",True
"generated_4613",True
"generated_4614",True
"generated_4615",True
"generated_4616",True
"generated_4617",True
"generated_4618",True
"generated_4619",True
"generated_4620",True
"generated_4621",True
"generated_4622",True
"generated_4623",True
"generated_4624",True
"generated_4625",True
"generated_4626",True
"generated_4627",True
"generated_4628",True
"generated_4629",True
"generated_4630",True
"generated_4631",True
"generated_4632",True
"generated_4633",True
"generated_4634",True
"generated_4635",True
"generated_4636",True
"generated_4637",True
"generated_4638",True
"generated_4639",True
"generated_4640",True
"generated_4641",True
"generated_4642",True
"generated_4643",True
"generated_4644",True
"generated_4645",True
"generated_4646",True
"generated_4647",True
"generated_4648",True
"generated_4649",True
"generated_4650",True
"generated_4651",True
"generated_4652",True
"generated_4653",True
"generated_4654",True
"generated_4655",True
"generated_4656",True
"generated_4657",True
"generated_4658",True
"generated_4659",True
"generated_4660",True
"generated_4661",True
"generated_4662",True
"generated_4663",True
"generated_4664",True
"generated_4665",True
"generated_4666",True
"generated_4667",True
"generated_4668",True
"generated_4669",True
"generated_4670",True
"generated_4671",True
"generated_4672",True
"generated_4673",True
"generated_4674",True
"generated_4675",True
"generated_4676",True
"generated_4677",True
"generated_4678",True
"generated_4679",True
"generated_4680",True
"generated_4681",True
"generated_4682",True
"generated_4683",True
"generated_4684",True
"generated_4685",True
"generated_4686",True
"generated_4687",True
"generated_4688",True
"generated_4689",True
"generated_4690",True
"generated_4691",True
"generated_4692",True
"generated_4693",True
"generated_4694",True
"generated_4695",True
"generated_4696",True
"generated_4697",True
"generated_4698",True
"generated_4699",True
"generated_4700",True
"generated_4701",True
"generated_4702",True
"generated_4703",True
"generated_4704",True
"generated_4705",True
"generated_4706",True
"generated_4707",True
"generated_4708",True
"generated_4709",True
"generated_4710",True
"generated_4711",True
"generated_4712",True
"generated_4713",True
"generated_4714",True
"generated_4715",True
"generated_4716",True
"generated_4717",True
"generated_4718",True
"generated_4719",True
"generated_4720",True
"generated_4721",True
"generated_4722",True
"generated_4723",True
"generated_4724",True
"generated_4725",True
"generated_4726",True
"generated_4727",True
"generated_4728",True
"generated_4729",True
"generated_4730",True
"generated_4731",True
"generated_4732",True
"generated_4733",True
"generated_4734",True
"generated_4735",True
"generated_4736",True
"generated_4737",True
"generated_4738",True
"generated_4739",True
"generated_4740",True
"generated_4741",True
"generated_4742",True
"generated_4743",True
"generated_4744",True
"generated_4745",True
"generated_4746",True
"generated_4747",True
"generated_4748",True
"generated_4749",True
"generated_4750",True
"generated_4751",True
"generated_4752",True
"generated_4753",True
"generated_4754",True
"generated_4755",True
"generated_4756",True
"generated_4757",True
"generated_4758",True
"generated_4759",True
"generated_4760",True
"generated_4761",True
"generated_4762",True
"generated_4763",True
"generated_4764",True
"generated_4765",True
"generated_4766",True
"generated_4767",True
"generated_4768",True
"generated_4769",True
"generated_4770",True
"generated_4771",True
"generated_4772",True
"generated_4773",True
"generated_4774",True
"generated_4775",True
"generated_4776",True
"generated_4777",True
"generated_4778",True
"generated_4779",True
"generated_4780",True
"generated_4781",True
"generated_4782",True
"generated_4783",True
"generated_4784",True
"generated_4785",True
"generated_4786",True
"generated_4787",True
"generated_4788",True
"generated_4789",True
"generated_4790",True
"generated_4791",True
"generated_4792",True
"generated_4793",True
"generated_4794",True
"generated_4795",True
"generated_4796",True
"generated_4797",True
"generated_4798",True
"generated_4799",True
"generated_4800",True
"generated_4801",True
"generated_4802",True
"generated_4803",True
"generated_4804",True
"generated_4805",True
"generated_4806",True
"generated_4807",True
"generated_4808",True
"generated_4809",True
"generated_4810",True
"generated_4811",True
"generated_4812",True
"generated_4813",True
"generated_4814",True
"generated_4815",True
"generated_4816",True
"generated_4817",True
"generated_4818",True
"generated_4819",True
"generated_4820",True
"generated_4821",True
"generated_4822",True
"generated_4823",True
"generated_4824",True
"generated_4825",True
"generated_4826",True
"generated_4827",True
"generated_4828",True
"generated_4829",True
"generated_4830",True
"generated_4831",True
"generated_4832",True
"generated_4833",True
"generated_4834",True
"generated_4835",True
"generated_4836",True
"generated_4837",True
"generated_4838",True
"generated_4839",True
"generated_4840",True
"generated_4841",True
"generated_4842",True
"generated_4843",True
"generated_4844",True
"generated_4845",True
"generated_4846",True
"generated_4847",True
"generated_4848",True
"generated_4849",True
"generated_4850",True
"generated_4851",True
"generated_4852",True
"generated_4853",True
"generated_4854",True
"generated_4855",True
"generated_4856",True
"generated_4857",True
"generated_4858",True
"generated_4859",True
"generated_4860",True
"generated_4861",True
"generated_4862",True
"generated_4863",True
"generated_4864",True
"generated_4865",True
"generated_4866",True
"generated_4867",True
"generated_4868",True
"generated_4869",True
"generated_4870",True
"generated_4871",True
"generated_4872",True
"generated_4873",True
"generated_4874",True
"generated_4875",True
"generated_4876",True
"generated_4877",True
"generated_4878",True
"generated_4879",True
"generated_4880",True
"generated_4881",True
"generated_4882",True
"generated_4883",True
"generated_4884",True
"generated_4885",True
"generated_4886",True
"generated_4887",True
"generated_4888",True
"generated_4889",True
"generated_4890",True
"generated_4891",True
"generated_4892",True
"generated_4893",True
"generated_4894",True
"generated_4895",True
"generated_4896",True
"generated_4897",True
"generated_4898",True
"generated_4899",True
"generated_4900",True
"generated_4901",True
"generated_4902",True
"generated_4903",True
"generated_4904",True
"generated_4905",True
"generated_4906",True
"generated_4907",True
"generated_4908",True
"generated_4909",True
"generated_4910",True
"generated_4911",True
"generated_4912",True
"generated_4913",True
"generated_4914",True
"generated_4915",True
"generated_4916",True
"generated_4917",True
"generated_4918",True
"generated_4919",True
"generated_4920",True
"generated_4921",True
"generated_4922",True
"generated_4923",True
"generated_4924",True
"generated_4925",True
"generated_4926",True
"generated_4927",True
"generated_4928",True
"generated_4929",True
"generated_4930",True
"generated_4931",True
"generated_4932",True
"generated_4933",True
"generated_4934",True
"generated_4935",True
"generated_4936",True
"generated_4937",True
"generated_4938",True
"generated_4939",True
"generated_4940",True
"generated_4941",True
"generated_4942",True
"generated_4943",True
"generated_4944",True
"generated_4945",True
"generated_4946",True
"generated_4947",True
"generated_4948",True
"generated_4949",True
"generated_4950",True
"generated_4951",True
"generated_4952",True
"generated_4953",True
"generated_4954",True
"generated_4955",True
"generated_4956",True
"generated_4957",True
"generated_4958",True
"generated_4959",True
"generated_4960",True
"generated_4961",True
"generated_4962",True
"generated_4963",True
"generated_4964",True
"generated_4965",True
"generated_4966",True
"generated_4967",True
"generated_4968",True
"generated_4969",True
"generated_4970",True
"generated_4971",True
"generated_4972",True
"generated_4973",True
"generated_4974",True
"generated_4975",True
"generated_4976",True
"generated_4977",True
"generated_4978",True
"generated_4979",True
"generated_4980",True
"generated_4981",True
"generated_4982",True
"generated_4983",True
"generated_4984",True
"generated_4985",True
"generated_4986",True
"generated_4987",True
"generated_4988",True
"generated_4989",True
"generated_4990",True
"generated_4991",True
"generated_4992",True
"generated_4993",True
"generated_4994",True
"generated_4995",True
"generated_4996",True
"generated_4997",True
"generated_4998",True
"generated_4999",True
"generated_5000",True
"generated_5001",True
"generated_5002",True
"generated_5003",True
"generated_5004",True
"generated_5005",True
"generated_5006",True
"generated_5007",True
"generated_5008",True
"generated_5009",True
"generated_5010",True
"generated_5011",True
"generated_5012",True
"generated_5013",True
"generated_5014",True
"generated_5015",True
"generated_5016",True
"generated_5017",True
"generated_5018",True
"generated_5019",True
"generated_5020",True
"generated_5021",True
"generated_5022",True
"generated_5023",True
"generated_5024",True
"generated_5025",True
"generated_5026",True
"generated_5027",True
"generated_5028",True
"generated_5029",True
"generated_5030",True
"generated_5031",True
"generated_5032",True
"generated_5033",True
"generated_5034",True
"generated_5035",True
"generated_5036",True
"generated_5037",True
"generated_5038",True
"generated_5039",True
"generated_5040",True
"generated_5041",True
"generated_5042",True
"generated_5043",True
"generated_5044",True
"generated_5045",True
"generated_5046",True
"generated_5047",True
"generated_5048",True
"generated_5049",True
"generated_5050",True
"generated_5051",True
"generated_5052",True
"generated_5053",True
"generated_5054",True
"generated_5055",True
"generated_5056",True
"generated_5057",True
"generated_5058",True
"generated_5059",True
"generated_5060",True
"generated_5061",True
"generated_5062",True
"generated_5063",True
"generated_5064",True
"generated_5065",True
"generated_5066",True
"generated_5067",True
"generated_5068",True
"generated_5069",True
"generated_5070",True
"generated_5071",True
"generated_5072",True
"generated_5073",True
"generated_5074",True
"generated_5075",True
"generated_5076",True
"generated_5077",True
"generated_5078",True
"generated_5079",True
"generated_5080",True
"generated_5081",True
"generated_5082",True
"generated_5083",True
"generated_5084",True
"generated_5085",True
"generated_5086",True
"generated_5087",True
"generated_5088",True
"generated_5089",True
"generated_5090",True
"generated_5091",True
"generated_5092",True
"generated_5093",True
"generated_5094",True
"generated_5095",True
"generated_5096",True
"generated_5097",True
"generated_5098",True
"generated_5099",True
"generated_5100",True
"generated_5101",True
"generated_5102",True
"generated_5103",True
"generated_5104",True
"generated_5105",True
"generated_5106",True
"generated_5107",True
"generated_5108",True
"generated_5109",True
"generated_5110",True
"generated_5111",True
"generated_5112",True
"generated_5113",True
"generated_5114",True
"generated_5115",True
"generated_5116",True
"generated_5117",True
"generated_5118",True
"generated_5119",True
"generated_5120",True
"generated_5121",True
"generated_5122",True
"generated_5123",True
"generated_5124",True
"generated_5125",True
"generated_5126",True
"generated_5127",True
"generated_5128",True
"generated_5129",True
"generated_5130",True
"generated_5131",True
"generated_5132",True
"generated_5133",True
"generated_5134",True
"generated_5135",True
"generated_5136",True
"generated_5137",True
"generated_5138",True
"generated_5139",True
"generated_5140",True
"generated_5141",True
"generated_5142",True
"generated_5143",True
"generated_5144",True
"generated_5145",True
"generated_5146",True
"generated_5147",True
"generated_5148",True
"generated_5149",True
"generated_5150",True
"generated_5151",True
"generated_5152",True
"generated_5153",True
"generated_5154",True
"generated_5155",True
"generated_5156",True
"generated_5157",True
"generated_5158",True
"generated_5159",True
"generated_5160",True
"generated_5161",True
"generated_5162",True
"generated_5163",True
"generated_5164",True
"generated_5165",True
"generated_5166",True
"generated_5167",True
"generated_5168",True
"generated_5169",True
"generated_5170",True
"generated_5171",True
"generated_5172",True
"generated_5173",True
"generated_5174",True
"generated_5175",True
"generated_5176",True
"generated_5177",True
"generated_5178",True
"generated_5179",True
"generated_5180",True
"generated_5181",True
"generated_5182",True
"generated_5183",True
"generated_5184",True
"generated_5185",True
"generated_5186",True
"generated_5187",True
"generated_5188",True
"generated_5189",True
"generated_5190",True
"generated_5191",True
"generated_5192",True
"generated_5193",True
"generated_5194",True
"generated_5195",True
"generated_5196",True
"generated_5197",True
"generated_5198",True
"generated_5199",True
"generated_5200",True
"generated_5201",True
"generated_5202",True
"generated_5203",True
"generated_5204",True
"generated_5205",True
"generated_5206",True
"generated_5207",True
"generated_5208",True
"generated_5209",True
"generated_5210",True
"generated_5211",True
"generated_5212",True
"generated_5213",True
"generated_5214",True
"generated_5215",True
"generated_5216",True
"generated_5217",True
"generated_5218",True
"generated_5219",True
"generated_5220",True
"generated_5221",True
"generated_5222",True
"generated_5223",True
"generated_5224",True
"generated_5225",True
"generated_5226",True
"generated_5227",True
"generated_5228",True
"generated_5229",True
"generated_5230",True
"generated_5231",True
"generated_5232",True
"generated_5233",True
"generated_5234",True
"generated_5235",True
"generated_5236",True
"generated_5237",True
"generated_5238",True
"generated_5239",True
"generated_5240",True
"generated_5241",True
"generated_5242",True
"generated_5243",True
"generated_5244",True
"generated_5245",True
"generated_5246",True
"generated_5247",True
"generated_5248",True
"generated_5249",True
"generated_5250",True
"generated_5251",True
"generated_5252",True
"generated_5253",True
"generated_5254",True
"generated_5255",True
"generated_5256",True
"generated_5257",True
"generated_5258",True
"generated_5259",True
"generated_5260",True
"generated_5261",True
"generated_5262",True
"generated_5263",True
"generated_5264",True
"generated_5265",True
"generated_5266",True
"generated_5267",True
"generated_5268",True
"generated_5269",True
"generated_5270",True
"generated_5271",True
"generated_5272",True
"generated_5273",True
"generated_5274",True
"generated_5275",True
"generated_5276",True
"generated_5277",True
"generated_5278",True
"generated_5279",True
"generated_5280",True
"generated_5281",True
"generated_5282",True
"generated_5283",True
"generated_5284",True
"generated_5285",True
"generated_5286",True
"generated_5287",True
"generated_5288",True
"generated_5289",True
"generated_5290",True
"generated_5291",True
"generated_5292",True
"generated_5293",True
"generated_5294",True
"generated_5295",True
"generated_5296",True
"generated_5297",True
"generated_5298",True
"generated_5299",True
"generated_5300",True
"generated_5301",True
"generated_5302",True
"generated_5303",True
"generated_5304",True
"generated_5305",True
"generated_5306",True
"generated_5307",True
"generated_5308",True
"generated_5309",True
"generated_5310",True
"generated_5311",True
"generated_5312",True
"generated_5313",True
"generated_5314",True
"generated_5315",True
"generated_5316",True
"generated_5317",True
"generated_5318",True
"generated_5319",True
"generated_5320",True
"generated_5321",True
"generated_5322",True
"generated_5323",True
"generated_5324",True
"generated_5325",True
"generated_5326",True
"generated_5327",True
"generated_5328",True
"generated_5329",True
"generated_5330",True
"generated_5331",True
"generated_5332",True
"generated_5333",True
"generated_5334",True
"generated_5335",True
"generated_5336",True
"generated_5337",True
"generated_5338",True
"generated_5339",True
"generated_5340",True
"generated_5341",True
"generated_5342",True
"generated_5343",True
"generated_5344",True
"generated_5345",True
"generated_5346",True
"generated_5347",True
"generated_5348",True
"generated_5349",True
"generated_5350",True
"generated_5351",True
"generated_5352",True
"generated_5353",True
"generated_5354",True
"generated_5355",True
"generated_5356",True
"generated_5357",True
"generated_5358",True
"generated_5359",True
"generated_5360",True
"generated_5361",True
"generated_5362",True
"generated_5363",True
"generated_5364",True
"generated_5365",True
"generated_5366",True
"generated_5367",True
"generated_5368",True
"generated_5369",True
"generated_5370",True
"generated_5371",True
"generated_5372",True
"generated_5373",True
"generated_5374",True
"generated_5375",True
"generated_5376",True
"generated_5377",True
"generated_5378",True
"generated_5379",True
"generated_5380",True
"generated_5381",True
"generated_5382",True
"generated_5383",True
"generated_5384",True
"generated_5385",True
"generated_5386",True
"generated_5387",True
"generated_5388",True
"generated_5389",True
"generated_5390",True
"generated_5391",True
"generated_5392",True
"generated_5393",True
"generated_5394",True
"generated_5395",True
"generated_5396",True
"generated_5397",True
"generated_5398",True
"generated_5399",True
"generated_5400",True
"generated_5401",True
"generated_5402",True
"generated_5403",True
"generated_5404",True
"generated_5405",True
"generated_5406",True
"generated_5407",True
"generated_5408",True
"generated_5409",True
"generated_5410",True
"generated_5411",True
"generated_5412",True
"generated_5413",True
"generated_5414",True
"generated_5415",True
"generated_5416",True
"generated_5417",True
"generated_5418",True
"generated_5419",True
"generated_5420",True
"generated_5421",True
"generated_5422",True
"generated_5423",True
"generated_5424",True
"generated_5425",True
"generated_5426",True
"generated_5427",True
"generated_5428",True
"generated_5429",True
"generated_5430",True
"generated_5431",True
"generated_5432",True
"generated_5433",True
"generated_5434",True
"generated_5435",True
"generated_5436",True
"generated_5437",True
"generated_5438",True
"generated_5439",True
"generated_5440",True
"generated_5441",True
"generated_5442",True
"generated_5443",True
"generated_5444",True
"generated_5445",True
"generated_5446",True
"generated_5447",True
"generated_5448",True
"generated_5449",True
"generated_5450",True
"generated_5451",True
"generated_5452",True
"generated_5453",True
"generated_5454",True
"generated_5455",True
"generated_5456",True
"generated_5457",True
"generated_5458",True
"generated_5459",True
"generated_5460",True
"generated_5461",True
"generated_5462",True
"generated_5463",True
"generated_5464",True
"generated_5465",True
"generated_5466",True
"generated_5467",True
"generated_5468",True
"generated_5469",True
"generated_5470",True
"generated_5471",True
"generated_5472",True
"generated_5473",True
"generated_5474",True
"generated_5475",True
"generated_5476",True
"generated_5477",True
"generated_5478",True
"generated_5479",True
"generated_5480",True
"generated_5481",True
"generated_5482",True
"generated_5483",True
"generated_5484",True
"generated_5485",True
"generated_5486",True
"generated_5487",True
"generated_5488",True
"generated_5489",True
"generated_5490",True
"generated_5491",True
"generated_5492",True
"generated_5493",True
"generated_5494",True
"generated_5495",True
"generated_5496",True
"generated_5497",True
"generated_5498",True
"generated_5499",True
"generated_5500",True
"generated_5501",True
"generated_5502",True
"generated_5503",True
"generated_5504",True
"generated_5505",True
"generated_5506",True
"generated_5507",True
"generated_5508",True
"generated_5509",True
"generated_5510",True
"generated_5511",True
"generated_5512",True
"generated_5513",True
"generated_5514",True
"generated_5515",True
"generated_5516",True
"generated_5517",True
"generated_5518",True
"generated_5519",True
"generated_5520",True
"generated_5521",True
"generated_5522",True
"generated_5523",True
"generated_5524",True
"generated_5525",True
"generated_5526",True
"generated_5527",True
"generated_5528",True
"generated_5529",True
"generated_5530",True
"generated_5531",True
"generated_5532",True
"generated_5533",True
"generated_5534",True
"generated_5535",True
"generated_5536",True
"generated_5537",True
"generated_5538",True
"generated_5539",True
"generated_5540",True
"generated_5541",True
"generated_5542",True
"generated_5543",True
"generated_5544",True
"generated_5545",True
"generated_5546",True
"generated_5547",True
"generated_5548",True
"generated_5549",True
"generated_5550",True
"generated_5551",True
"generated_5552",True
"generated_5553",True
"generated_5554",True
"generated_5555",True
"generated_5556",True
"generated_5557",True
"generated_5558",True
"generated_5559",True
"generated_5560",True
"generated_5561",True
"generated_5562",True
"generated_5563",True
"generated_5564",True
"generated_5565",True
"generated_5566",True
"generated_5567",True
"generated_5568",True
"generated_5569",True
"generated_5570",True
"generated_5571",True
"generated_5572",True
"generated_5573",True
"generated_5574",True
"generated_5575",True
"generated_5576",True
"generated_5577",True
"generated_5578",True
"generated_5579",True
"generated_5580",True
"generated_5581",True
"generated_5582",True
"generated_5583",True
"generated_5584",True
"generated_5585",True
"generated_5586",True
"generated_5587",True
"generated_5588",True
"generated_5589",True
"generated_5590",True
"generated_5591",True
"generated_5592",True
"generated_5593",True
"generated_5594",True
"generated_5595",True
"generated_5596",True
"generated_5597",True
"generated_5598",True
"generated_5599",True
"generated_5600",True
"generated_5601",True
"generated_5602",True
"generated_5603",True
"generated_5604",True
"generated_5605",True
"generated_5606",True
"generated_5607",True
"generated_5608",True
"generated_5609",True
"generated_5610",True
"generated_5611",True
"generated_5612",True
"generated_5613",True
"generated_5614",True
"generated_5615",True
"generated_5616",True
"generated_5617",True
"generated_5618",True
"generated_5619",True
"generated_5620",True
"generated_5621",True
"generated_5622",True
"generated_5623",True
"generated_5624",True
"generated_5625",True
"generated_5626",True
"generated_5627",True
"generated_5628",True
"generated_5629",True
"generated_5630",True
"generated_5631",True
"generated_5632",True
"generated_5633",True
"generated_5634",True
"generated_5635",True
"generated_5636",True
"generated_5637",True
"generated_5638",True
"generated_5639",True
"generated_5640",True
"generated_5641",True
"generated_5642",True
"generated_5643",True
"generated_5644",True
"generated_5645",True
"generated_5646",True
"generated_5647",True
"generated_5648",True
"generated_5649",True
"generated_5650",True
"generated_5651",True
"generated_5652",True
"generated_5653",True
"generated_5654",True
"generated_5655",True
"generated_5656",True
"generated_5657",True
"generated_5658",True
"generated_5659",True
"generated_5660",True
"generated_5661",True
"generated_5662",True
"generated_5663",True
"generated_5664",True
"generated_5665",True
"generated_5666",True
"generated_5667",True
"generated_5668",True
"generated_5669",True
"generated_5670",True
"generated_5671",True
"generated_5672",True
"generated_5673",True
"generated_5674",True
"generated_5675",True
"generated_5676",True
"generated_5677",True
"generated_5678",True
"generated_5679",True
"generated_5680",True
"generated_5681",True
"generated_5682",True
"generated_5683",True
"generated_5684",True
"generated_5685",True
"generated_5686",True
"generated_5687",True
"generated_5688",True
"generated_5689",True
"generated_5690",True
"generated_5691",True
"generated_5692",True
"generated_5693",True
"generated_5694",True
"generated_5695",True
"generated_5696",True
"generated_5697",True
"generated_5698",True
"generated_5699",True
"generated_5700",True
"generated_5701",True
"generated_5702",True
"generated_5703",True
"generated_5704",True
"generated_5705",True
"generated_5706",True
"generated_5707",True
"generated_5708",True
"generated_5709",True
"generated_5710",True
"generated_5711",True
"generated_5712",True
"generated_5713",True
"generated_5714",True
"generated_5715",True
"generated_5716",True
"generated_5717",True
"generated_5718",True
"generated_5719",True
"generated_5720",True
"generated_5721",True
"generated_5722",True
"generated_5723",True
"generated_5724",True
"generated_5725",True
"generated_5726",True
"generated_5727",True
"generated_5728",True
"generated_5729",True
"generated_5730",True
"generated_5731",True
"generated_5732",True
"generated_5733",True
"generated_5734",True
"generated_5735",True
"generated_5736",True
"generated_5737",True
"generated_5738",True
"generated_5739",True
"generated_5740",True
"generated_5741",True
"generated_5742",True
"generated_5743",True
"generated_5744",True
"generated_5745",True
"generated_5746",True
"generated_5747",True
"generated_5748",True
"generated_5749",True
"generated_5750",True
"generated_5751",True
"generated_5752",True
"generated_5753",True
"generated_5754",True
"generated_5755",True
"generated_5756",True
"generated_5757",True
"generated_5758",True
"generated_5759",True
"generated_5760",True
"generated_5761",True
"generated_5762",True
"generated_5763",True
"generated_5764",True
"generated_5765",True
"generated_5766",True
"generated_5767",True
"generated_5768",True
"generated_5769",True
"generated_5770",True
"generated_5771",True
"generated_5772",True
"generated_5773",True
"generated_5774",True
"generated_5775",True
"generated_5776",True
"generated_5777",True
"generated_5778",True
"generated_5779",True
"generated_5780",True
"generated_5781",True
"generated_5782",True
"generated_5783",True
"generated_5784",True
"generated_5785",True
"generated_5786",True
"generated_5787",True
"generated_5788",True
"generated_5789",True
"generated_5790",True
"generated_5791",True
"generated_5792",True
"generated_5793",True
"generated_5794",True
"generated_5795",True
"generated_5796",True
"generated_5797",True
"generated_5798",True
"generated_5799",True
"generated_5800",True
"generated_5801",True
"generated_5802",True
"generated_5803",True
"generated_5804",True
"generated_5805",True
"generated_5806",True
"generated_5807",True
"generated_5808",True
"generated_5809",True
"generated_5810",True
"generated_5811",True
"generated_5812",True
"generated_5813",True
"generated_5814",True
"generated_5815",True
"generated_5816",True
"generated_5817",True
"generated_5818",True
"generated_5819",True
"generated_5820",True
"generated_5821",True
"generated_5822",True
"generated_5823",True
"generated_5824",True
"generated_5825",True
"generated_5826",True
"generated_5827",True
"generated_5828",True
"generated_5829",True
"generated_5830",True
"generated_5831",True
"generated_5832",True
"generated_5833",True
"generated_5834",True
"generated_5835",True
"generated_5836",True
"generated_5837",True
"generated_5838",True
"generated_5839",True
"generated_5840",True
"generated_5841",True
"generated_5842",True
"generated_5843",True
"generated_5844",True
"generated_5845",True
"generated_5846",True
"generated_5847",True
"generated_5848",True
"generated_5849",True
"generated_5850",True
"generated_5851",True
"generated_5852",True
"generated_5853",True
"generated_5854",True
"generated_5855",True
"generated_5856",True
"generated_5857",True
"generated_5858",True
"generated_5859",True
"generated_5860",True
"generated_5861",True
"generated_5862",True
"generated_5863",True
"generated_5864",True
"generated_5865",True
"generated_5866",True
"generated_5867",True
"generated_5868",True
"generated_5869",True
"generated_5870",True
"generated_5871",True
"generated_5872",True
"generated_5873",True
"generated_5874",True
"generated_5875",True
"generated_5876",True
"generated_5877",True
"generated_5878",True
"generated_5879",True
"generated_5880",True
"generated_5881",True
"generated_5882",True
"generated_5883",True
"generated_5884",True
"generated_5885",True
"generated_5886",True
"generated_5887",True
"generated_5888",True
"generated_5889",True
"generated_5890",True
"generated_5891",True
"generated_5892",True
"generated_5893",True
"generated_5894",True
"generated_5895",True
"generated_5896",True
"generated_5897",True
"generated_5898",True
"generated_5899",True
"generated_5900",True
"generated_5901",True
"generated_5902",True
"generated_5903",True
"generated_5904",True
"generated_5905",True
"generated_5906",True
"generated_5907",True
"generated_5908",True
"generated_5909",True
"generated_5910",True
"generated_5911",True
"generated_5912",True
"generated_5913",True
"generated_5914",True
"generated_5915",True
"generated_5916",True
"generated_5917",True
"generated_5918",True
"generated_5919",True
"generated_5920",True
"generated_5921",True
"generated_5922",True
"generated_5923",True
"generated_5924",True
"generated_5925",True
"generated_5926",True
"generated_5927",True
"generated_5928",True
"generated_5929",True
"generated_5930",True
"generated_5931",True
"generated_5932",True
"generated_5933",True
"generated_5934",True
"generated_5935",True
"generated_5936",True
"generated_5937",True
"generated_5938",True
"generated_5939",True
"generated_5940",True
"generated_5941",True
"generated_5942",True
"generated_5943",True
"generated_5944",True
"generated_5945",True
"generated_5946",True
"generated_5947",True
"generated_5948",True
"generated_5949",True
"generated_5950",True
"generated_5951",True
"generated_5952",True
"generated_5953",True
"generated_5954",True
"generated_5955",True
"generated_5956",True
"generated_5957",True
"generated_5958",True
"generated_5959",True
"generated_5960",True
"generated_5961",True
"generated_5962",True
"generated_5963",True
"generated_5964",True
"generated_5965",True
"generated_5966",True
"generated_5967",True
"generated_5968",True
"generated_5969",True
"generated_5970",True
"generated_5971",True
"generated_5972",True
"generated_5973",True
"generated_5974",True
"generated_5975",True
"generated_5976",True
"generated_5977",True
"generated_5978",True
"generated_5979",True
"generated_5980",True
"generated_5981",True
"generated_5982",True
"generated_5983",True
"generated_5984",True
"generated_5985",True
"generated_5986",True
"generated_5987",True
"generated_5988",True
"generated_5989",True
"generated_5990",True
"generated_5991",True
"generated_5992",True
"generated_5993",True
"generated_5994",True
"generated_5995",True
"generated_5996",True
"generated_5997",True
"generated_5998",True
"generated_5999",True
"generated_6000",True
"generated_6001",True
"generated_6002",True
"generated_6003",True
"generated_6004",True
"generated_6005",True
"generated_6006",True
"generated_6007",True
"generated_6008",True
"generated_6009",True
"generated_6010",True
"generated_6011",True
"generated_6012",True
"generated_6013",True
"generated_6014",True
"generated_6015",True
"generated_6016",True
"generated_6017",True
"generated_6018",True
"generated_6019",True
"generated_6020",True
"generated_6021",True
"generated_6022",True
"generated_6023",True
"generated_6024",True
"generated_6025",True
"generated_6026",True
"generated_6027",True
"generated_6028",True
"generated_6029",True
"generated_6030",True
"generated_6031",True
"generated_6032",True
"generated_6033",True
"generated_6034",True
"generated_6035",True
"generated_6036",True
"generated_6037",True
"generated_6038",True
"generated_6039",True
"generated_6040",True
"generated_6041",True
"generated_6042",True
"generated_6043",True
"generated_6044",True
"generated_6045",True
"generated_6046",True
"generated_6047",True
"generated_6048",True
"generated_6049",True
"generated_6050",True
"generated_6051",True
"generated_6052",True
"generated_6053",True
"generated_6054",True
"generated_6055",True
"generated_6056",True
"generated_6057",True
"generated_6058",True
"generated_6059",True
"generated_6060",True
"generated_6061",True
"generated_6062",True
"generated_6063",True
"generated_6064",True
"generated_6065",True
"generated_6066",True
"generated_6067",True
"generated_6068",True
"generated_6069",True
"generated_6070",True
"generated_6071",True
"generated_6072",True
"generated_6073",True
"generated_6074",True
"generated_6075",True
"generated_6076",True
"generated_6077",True
"generated_6078",True
"generated_6079",True
"generated_6080",True
"generated_6081",True
"generated_6082",True
"generated_6083",True
"generated_6084",True
"generated_6085",True
"generated_6086",True
"generated_6087",True
"generated_6088",True
"generated_6089",True
"generated_6090",True
"generated_6091",True
"generated_6092",True
"generated_6093",True
"generated_6094",True
"generated_6095",True
"generated_6096",True
"generated_6097",True
"generated_6098",True
"generated_6099",True
"generated_6100",True
"generated_6101",True
"generated_6102",True
"generated_6103",True
"generated_6104",True
"generated_6105",True
"generated_6106",True
"generated_6107",True
"generated_6108",True
"generated_6109",True
"generated_6110",True
"generated_6111",True
"generated_6112",True
"generated_6113",True
"generated_6114",True
"generated_6115",True
"generated_6116",True
"generated_6117",True
"generated_6118",True
"generated_6119",True
"generated_6120",True
"generated_6121",True
"generated_6122",True
"generated_6123",True
"generated_6124",True
"generated_6125",True
"generated_6126",True
"generated_6127",True
"generated_6128",True
"generated_6129",True
"generated_6130",True
"generated_6131",True
"generated_6132",True
"generated_6133",True
"generated_6134",True
"generated_6135",True
"generated_6136",True
"generated_6137",True
"generated_6138",True
"generated_6139",True
"generated_6140",True
"generated_6141",True
"generated_6142",True
"generated_6143",True
"generated_6144",True
"generated_6145",True
"generated_6146",True
"generated_6147",True
"generated_6148",True
"generated_6149",True
"generated_6150",True
"generated_6151",True
"generated_6152",True
"generated_6153",True
"generated_6154",True
"generated_6155",True
"generated_6156",True
"generated_6157",True
"generated_6158",True
"generated_6159",True
"generated_6160",True
"generated_6161",True
"generated_6162",True
"generated_6163",True
"generated_6164",True
"generated_6165",True
"generated_6166",True
"generated_6167",True
"generated_6168",True
"generated_6169",True
"generated_6170",True
"generated_6171",True
"generated_6172",True
"generated_6173",True
"generated_6174",True
"generated_6175",True
"generated_6176",True
"generated_6177",True
"generated_6178",True
"generated_6179",True
"generated_6180",True
"generated_6181",True
"generated_6182",True
"generated_6183",True
"generated_6184",True
"generated_6185",True
"generated_6186",True
"generated_6187",True
"generated_6188",True
"generated_6189",True
"generated_6190",True
"generated_6191",True
"generated_6192",True
"generated_6193",True
"generated_6194",True
"generated_6195",True
"generated_6196",True
"generated_6197",True
"generated_6198",True
"generated_6199",True
"generated_6200",True
"generated_6201",True
"generated_6202",True
"generated_6203",True
"generated_6204",True
"generated_6205",True
"generated_6206",True
"generated_6207",True
"generated_6208",True
"generated_6209",True
"generated_6210",True
"generated_6211",True
"generated_6212",True
"generated_6213",True
"generated_6214",True
"generated_6215",True
"generated_6216",True
"generated_6217",True
"generated_6218",True
"generated_6219",True
"generated_6220",True
"generated_6221",True
"generated_6222",True
"generated_6223",True
"generated_6224",True
"generated_6225",True
"generated_6226",True
"generated_6227",True
"generated_6228",True
"generated_6229",True
"generated_6230",True
"generated_6231",True
"generated_6232",True
"generated_6233",True
"generated_6234",True
"generated_6235",True
"generated_6236",True
"generated_6237",True
"generated_6238",True
"generated_6239",True
"generated_6240",True
"generated_6241",True
"generated_6242",True
"generated_6243",True
"generated_6244",True
"generated_6245",True
"generated_6246",True
"generated_6247",True
"generated_6248",True
"generated_6249",True
"generated_6250",True
"generated_6251",True
"generated_6252",True
"generated_6253",True
"generated_6254",True
"generated_6255",True
"generated_6256",True
"generated_6257",True
"generated_6258",True
"generated_6259",True
"generated_6260",True
"generated_6261",True
"generated_6262",True
"generated_6263",True
"generated_6264",True
"generated_6265",True
"generated_6266",True
"generated_6267",True
"generated_6268",True
"generated_6269",True
"generated_6270",True
"generated_6271",True
"generated_6272",True
"generated_6273",True
"generated_6274",True
"generated_6275",True
"generated_6276",True
"generated_6277",True
"generated_6278",True
"generated_6279",True
"generated_6280",True
"generated_6281",True
"generated_6282",True
"generated_6283",True
"generated_6284",True
"generated_6285",True
"generated_6286",True
"generated_6287",True
"generated_6288",True
"generated_6289",True
"generated_6290",True
"generated_6291",True
"generated_6292",True
"generated_6293",True
"generated_6294",True
"generated_6295",True
"generated_6296",True
"generated_6297",True
"generated_6298",True
"generated_6299",True
"generated_6300",True
"generated_6301",True
"generated_6302",True
"generated_6303",True
"generated_6304",True
"generated_6305",True
"generated_6306",True
"generated_6307",True
"generated_6308",True
"generated_6309",True
"generated_6310",True
"generated_6311",True
"generated_6312",True
"generated_6313",True
"generated_6314",True
"generated_6315",True
"generated_6316",True
"generated_6317",True
"generated_6318",True
"generated_6319",True
"generated_6320",True
"generated_6321",True
"generated_6322",True
"generated_6323",True
"generated_6324",True
"generated_6325",True
"generated_6326",True
"generated_6327",True
"generated_6328",True
"generated_6329",True
"generated_6330",True
"generated_6331",True
"generated_6332",True
"generated_6333",True
"generated_6334",True
"generated_6335",True
"generated_6336",True
"generated_6337",True
"generated_6338",True
"generated_6339",True
"generated_6340",True
"generated_6341",True
"generated_6342",True
"generated_6343",True
"generated_6344",True
"generated_6345",True
"generated_6346",True
"generated_6347",True
"generated_6348",True
"generated_6349",True
"generated_6350",True
"generated_6351",True
"generated_6352",True
"generated_6353",True
"generated_6354",True
"generated_6355",True
"generated_6356",True
"generated_6357",True
"generated_6358",True
"generated_6359",True
"generated_6360",True
"generated_6361",True
"generated_6362",True
"generated_6363",True
"generated_6364",True
"generated_6365",True
"generated_6366",True
"generated_6367",True
"generated_6368",True
"generated_6369",True
"generated_6370",True
"generated_6371",True
"generated_6372",True
"generated_6373",True
"generated_6374",True
"generated_6375",True
"generated_6376",True
"generated_6377",True
"generated_6378",True
"generated_6379",True
"generated_6380",True
"generated_6381",True
"generated_6382",True
"generated_6383",True
"generated_6384",True
"generated_6385",True
"generated_6386",True
"generated_6387",True
"generated_6388",True
"generated_6389",True
"generated_6390",True
"generated_6391",True
"generated_6392",True
"generated_6393",True
"generated_6394",True
"generated_6395",True
"generated_6396",True
"generated_6397",True
"generated_6398",True
"generated_6399",True
"generated_6400",True
"generated_6401",True
"generated_6402",True
"generated_6403",True
"generated_6404",True
"generated_6405",True
"generated_6406",True
"generated_6407",True
"generated_6408",True
"generated_6409",True
"generated_6410",True
"generated_6411",True
"generated_6412",True
"generated_6413",True
"generated_6414",True
"generated_6415",True
"generated_6416",True
"generated_6417",True
"generated_6418",True
"generated_6419",True
"generated_6420",True
"generated_6421",True
"generated_6422",True
"generated_6423",True
"generated_6424",True
"generated_6425",True
"generated_6426",True
"generated_6427",True
"generated_6428",True
"generated_6429",True
"generated_6430",True
"generated_6431",True
"generated_6432",True
"generated_6433",True
"generated_6434",True
"generated_6435",True
"generated_6436",True
"generated_6437",True
"generated_6438",True
"generated_6439",True
"generated_6440",True
"generated_6441",True
"generated_6442",True
"generated_6443",True
"generated_6444",True
"generated_6445",True
"generated_6446",True
"generated_6447",True
"generated_6448",True
"generated_6449",True
"generated_6450",True
"generated_6451",True
"generated_6452",True
"generated_6453",True
"generated_6454",True
"generated_6455",True
"generated_6456",True
"generated_6457",True
"generated_6458",True
"generated_6459",True
"generated_6460",True
"generated_6461",True
"generated_6462",True
"generated_6463",True
"generated_6464",True
"generated_6465",True
"generated_6466",True
"generated_6467",True
"generated_6468",True
"generated_6469",True
"generated_6470",True
"generated_6471",True
"generated_6472",True
"generated_6473",True
"generated_6474",True
"generated_6475",True
"generated_6476",True
"generated_6477",True
"generated_6478",True
"generated_6479",True
"generated_6480",True
"generated_6481",True
"generated_6482",True
"generated_6483",True
"generated_6484",True
"generated_6485",True
"generated_6486",True
"generated_6487",True
"generated_6488",True
"generated_6489",True
"generated_6490",True
"generated_6491",True
"generated_6492",True
"generated_6493",True
"generated_6494",True
"generated_6495",True
"generated_6496",True
"generated_6497",True
"generated_6498",True
"generated_6499",True
"generated_6500",True
"generated_6501",True
"generated_6502",True
"generated_6503",True
"generated_6504",True
"generated_6505",True
"generated_6506",True
"generated_6507",True
"generated_6508",True
"generated_6509",True
"generated_6510",True
"generated_6511",True
"generated_6512",True
"generated_6513",True
"generated_6514",True
"generated_6515",True
"generated_6516",True
"generated_6517",True
"generated_6518",True
"generated_6519",True
"generated_6520",True
"generated_6521",True
"generated_6522",True
"generated_6523",True
"generated_6524",True
"generated_6525",True
"generated_6526",True
"generated_6527",True
"generated_6528",True
"generated_6529",True
"generated_6530",True
"generated_6531",True
"generated_6532",True
"generated_6533",True
"generated_6534",True
"generated_6535",True
"generated_6536",True
"generated_6537",True
"generated_6538",True
"generated_6539",True
"generated_6540",True
"generated_6541",True
"generated_6542",True
"generated_6543",True
"generated_6544",True
"generated_6545",True
"generated_6546",True
"generated_6547",True
"generated_6548",True
"generated_6549",True
"generated_6550",True
"generated_6551",True
"generated_6552",True
"generated_6553",True
"generated_6554",True
"generated_6555",True
"generated_6556",True
"generated_6557",True
"generated_6558",True
"generated_6559",True
"generated_6560",True
"generated_6561",True
"generated_6562",True
"generated_6563",True
"generated_6564",True
"generated_6565",True
"generated_6566",True
"generated_6567",True
"generated_6568",True
"generated_6569",True
"generated_6570",True
"generated_6571",True
"generated_6572",True
"generated_6573",True
"generated_6574",True
"generated_6575",True
"generated_6576",True
"generated_6577",True
"generated_6578",True
"generated_6579",True
"generated_6580",True
"generated_6581",True
"generated_6582",True
"generated_6583",True
"generated_6584",True
"generated_6585",True
"generated_6586",True
"generated_6587",True
"generated_6588",True
"generated_6589",True
"generated_6590",True
"generated_6591",True
"generated_6592",True
"generated_6593",True
"generated_6594",True
"generated_6595",True
"generated_6596",True
"generated_6597",True
"generated_6598",True
"generated_6599",True
"generated_6600",True
"generated_6601",True
"generated_6602",True
"generated_6603",True
"generated_6604",True
"generated_6605",True
"generated_6606",True
"generated_6607",True
"generated_6608",True
"generated_6609",True
"generated_6610",True
"generated_6611",True
"generated_6612",True
"generated_6613",True
"generated_6614",True
"generated_6615",True
"generated_6616",True
"generated_6617",True
"generated_6618",True
"generated_6619",True
"generated_6620",True
"generated_6621",True
"generated_6622",True
"generated_6623",True
"generated_6624",True
"generated_6625",True
"generated_6626",True
"generated_6627",True
"generated_6628",True
"generated_6629",True
"generated_6630",True
"generated_6631",True
"generated_6632",True
"generated_6633",True
"generated_6634",True
"generated_6635",True
"generated_6636",True
"generated_6637",True
"generated_6638",True
"generated_6639",True
"generated_6640",True
"generated_6641",True
"generated_6642",True
"generated_6643",True
"generated_6644",True
"generated_6645",True
"generated_6646",True
"generated_6647",True
"generated_6648",True
"generated_6649",True
"generated_6650",True
"generated_6651",True
"generated_6652",True
"generated_6653",True
"generated_6654",True
"generated_6655",True
"generated_6656",True
"generated_6657",True
"generated_6658",True
"generated_6659",True
"generated_6660",True
"generated_6661",True
"generated_6662",True
"generated_6663",True
"generated_6664",True
"generated_6665",True
"generated_6666",True
"generated_6667",True
"generated_6668",True
"generated_6669",True
"generated_6670",True
"generated_6671",True
"generated_6672",True
"generated_6673",True
"generated_6674",True
"generated_6675",True
"generated_6676",True
"generated_6677",True
"generated_6678",True
"generated_6679",True
"generated_6680",True
"generated_6681",True
"generated_6682",True
"generated_6683",True
"generated_6684",True
"generated_6685",True
"generated_6686",True
"generated_6687",True
"generated_6688",True
"generated_6689",True
"generated_6690",True
"generated_6691",True
"generated_6692",True
"generated_6693",True
"generated_6694",True
"generated_6695",True
"generated_6696",True
"generated_6697",True
"generated_6698",True
"generated_6699",True
"generated_6700",True
"generated_6701",True
"generated_6702",True
"generated_6703",True
"generated_6704",True
"generated_6705",True
"generated_6706",True
"generated_6707",True
"generated_6708",True
"generated_6709",True
"generated_6710",True
"generated_6711",True
"generated_6712",True
"generated_6713",True
"generated_6714",True
"generated_6715",True
"generated_6716",True
"generated_6717",True
"generated_6718",True
"generated_6719",True
"generated_6720",True
"generated_6721",True
"generated_6722",True
"generated_6723",True
"generated_6724",True
"generated_6725",True
"generated_6726",True
"generated_6727",True
"generated_6728",True
"generated_6729",True
"generated_6730",True
"generated_6731",True
"generated_6732",True
"generated_6733",True
"generated_6734",True
"generated_6735",True
"generated_6736",True
"generated_6737",True
"generated_6738",True
"generated_6739",True
"generated_6740",True
"generated_6741",True
"generated_6742",True
"generated_6743",True
"generated_6744",True
"generated_6745",True
"generated_6746",True
"generated_6747",True
"generated_6748",True
"generated_6749",True
"generated_6750",True
"generated_6751",True
"generated_6752",True
"generated_6753",True
"generated_6754",True
"generated_6755",True
"generated_6756",True
"generated_6757",True
"generated_6758",True
"generated_6759",True
"generated_6760",True
"generated_6761",True
"generated_6762",True
"generated_6763",True
"generated_6764",True
"generated_6765",True
"generated_6766",True
"generated_6767",True
"generated_6768",True
"generated_6769",True
"generated_6770",True
"generated_6771",True
"generated_6772",True
"generated_6773",True
"generated_6774",True
"generated_6775",True
"generated_6776",True
"generated_6777",True
"generated_6778",True
"generated_6779",True
"generated_6780",True
"generated_6781",True
"generated_6782",True
"generated_6783",True
"generated_6784",True
"generated_6785",True
"generated_6786",True
"generated_6787",True
"generated_6788",True
"generated_6789",True
"generated_6790",True
"generated_6791",True
"generated_6792",True
"generated_6793",True
"generated_6794",True
"generated_6795",True
"generated_6796",True
"generated_6797",True
"generated_6798",True
"generated_6799",True
"generated_6800",True
"generated_6801",True
"generated_6802",True
"generated_6803",True
"generated_6804",True
"generated_6805",True
"generated_6806",True
"generated_6807",True
"generated_6808",True
"generated_6809",True
"generated_6810",True
"generated_6811",True
"generated_6812",True
"generated_6813",True
"generated_6814",True
"generated_6815",True
"generated_6816",True
"generated_6817",True
"generated_6818",True
"generated_6819",True
"generated_6820",True
"generated_6821",True
"generated_6822",True
"generated_6823",True
"generated_6824",True
"generated_6825",True
"generated_6826",True
"generated_6827",True
"generated_6828",True
"generated_6829",True
"generated_6830",True
"generated_6831",True
"generated_6832",True
"generated_6833",True
"generated_6834",True
"generated_6835",True
"generated_6836",True
"generated_6837",True
"generated_6838",True
"generated_6839",True
"generated_6840",True
"generated_6841",True
"generated_6842",True
"generated_6843",True
"generated_6844",True
"generated_6845",True
"generated_6846",True
"generated_6847",True
"generated_6848",True
"generated_6849",True
"generated_6850",True
"generated_6851",True
"generated_6852",True
"generated_6853",True
"generated_6854",True
"generated_6855",True
"generated_6856",True
"generated_6857",True
"generated_6858",True
"generated_6859",True
"generated_6860",True
"generated_6861",True
"generated_6862",True
"generated_6863",True
"generated_6864",True
"generated_6865",True
"generated_6866",True
"generated_6867",True
"generated_6868",True
"generated_6869",True
"generated_6870",True
"generated_6871",True
"generated_6872",True
"generated_6873",True
"generated_6874",True
"generated_6875",True
"generated_6876",True
"generated_6877",True
"generated_6878",True
"generated_6879",True
"generated_6880",True
"generated_6881",True
"generated_6882",True
"generated_6883",True
"generated_6884",True
"generated_6885",True
"generated_6886",True
"generated_6887",True
"generated_6888",True
"generated_6889",True
"generated_6890",True
"generated_6891",True
"generated_6892",True
"generated_6893",True
"generated_6894",True
"generated_6895",True
"generated_6896",True
"generated_6897",True
"generated_6898",True
"generated_6899",True
"generated_6900",True
"generated_6901",True
"generated_6902",True
"generated_6903",True
"generated_6904",True
"generated_6905",True
"generated_6906",True
"generated_6907",True
"generated_6908",True
"generated_6909",True
"generated_6910",True
"generated_6911",True
"generated_6912",True
"generated_6913",True
"generated_6914",True
"generated_6915",True
"generated_6916",True
"generated_6917",True
"generated_6918",True
"generated_6919",True
"generated_6920",True
"generated_6921",True
"generated_6922",True
"generated_6923",True
"generated_6924",True
"generated_6925",True
"generated_6926",True
"generated_6927",True
"generated_6928",True
"generated_6929",True
"generated_6930",True
"generated_6931",True
"generated_6932",True
"generated_6933",True
"generated_6934",True
"generated_6935",True
"generated_6936",True
"generated_6937",True
"generated_6938",True
"generated_6939",True
"generated_6940",True
"generated_6941",True
"generated_6942",True
"generated_6943",True
"generated_6944",True
"generated_6945",True
"generated_6946",True
"generated_6947",True
"generated_6948",True
"generated_6949",True
"generated_6950",True
"generated_6951",True
"generated_6952",True
"generated_6953",True
"generated_6954",True
"generated_6955",True
"generated_6956",True
"generated_6957",True
"generated_6958",True
"generated_6959",True
"generated_6960",True
"generated_6961",True
"generated_6962",True
"generated_6963",True
"generated_6964",True
"generated_6965",True
"generated_6966",True
"generated_6967",True
"generated_6968",True
"generated_6969",True
"generated_6970",True
"generated_6971",True
"generated_6972",True
"generated_6973",True
"generated_6974",True
"generated_6975",True
"generated_6976",True
"generated_6977",True
"generated_6978",True
"generated_6979",True
"generated_6980",True
"generated_6981",True
"generated_6982",True
"generated_6983",True
"generated_6984",True
"generated_6985",True
"generated_6986",True
"generated_6987",True
"generated_6988",True
"generated_6989",True
"generated_6990",True
"generated_6991",True
"generated_6992",True
"generated_6993",True
"generated_6994",True
"generated_6995",True
"generated_6996",True
"generated_6997",True
"generated_6998",True
"generated_6999",True
"generated_7000",True
"generated_7001",True
"generated_7002",True
"generated_7003",True
"generated_7004",True
"generated_7005",True
"generated_7006",True
"generated_7007",True
"generated_7008",True
"generated_7009",True
"generated_7010",True
"generated_7011",True
"generated_7012",True
"generated_7013",True
"generated_7014",True
"generated_7015",True
"generated_7016",True
"generated_7017",True
"generated_7018",True
"generated_7019",True
"generated_7020",True
"generated_7021",True
"generated_7022",True
"generated_7023",True
"generated_7024",True
"generated_7025",True
"generated_7026",True
"generated_7027",True
"generated_7028",True
"generated_7029",True
"generated_7030",True
"generated_7031",True
"generated_7032",True
"generated_7033",True
"generated_7034",True
"generated_7035",True
"generated_7036",True
"generated_7037",True
"generated_7038",True
"generated_7039",True
"generated_7040",True
"generated_7041",True
"generated_7042",True
"generated_7043",True
"generated_7044",True
"generated_7045",True
"generated_7046",True
"generated_7047",True
"generated_7048",True
"generated_7049",True
"generated_7050",True
"generated_7051",True
"generated_7052",True
"generated_7053",True
"generated_7054",True
"generated_7055",True
"generated_7056",True
"generated_7057",True
"generated_7058",True
"generated_7059",True
"generated_7060",True
"generated_7061",True
"generated_7062",True
"generated_7063",True
"generated_7064",True
"generated_7065",True
"generated_7066",True
"generated_7067",True
"generated_7068",True
"generated_7069",True
"generated_7070",True
"generated_7071",True
"generated_7072",True
"generated_7073",True
"generated_7074",True
"generated_7075",True
"generated_7076",True
"generated_7077",True
"generated_7078",True
"generated_7079",True
"generated_7080",True
"generated_7081",True
"generated_7082",True
"generated_7083",True
"generated_7084",True
"generated_7085",True
"generated_7086",True
"generated_7087",True
"generated_7088",True
"generated_7089",True
"generated_7090",True
"generated_7091",True
"generated_7092",True
"generated_7093",True
"generated_7094",True
"generated_7095",True
"generated_7096",True
"generated_7097",True
"generated_7098",True
"generated_7099",True
"generated_7100",True
"generated_7101",True
"generated_7102",True
"generated_7103",True
"generated_7104",True
"generated_7105",True
"generated_7106",True
"generated_7107",True
"generated_7108",True
"generated_7109",True
"generated_7110",True
"generated_7111",True
"generated_7112",True
"generated_7113",True
"generated_7114",True
"generated_7115",True
"generated_7116",True
"generated_7117",True
"generated_7118",True
"generated_7119",True
"generated_7120",True
"generated_7121",True
"generated_7122",True
"generated_7123",True
"generated_7124",True
"generated_7125",True
"generated_7126",True
"generated_7127",True
"generated_7128",True
"generated_7129",True
"generated_7130",True
"generated_7131",True
"generated_7132",True
"generated_7133",True
"generated_7134",True
"generated_7135",True
"generated_7136",True
"generated_7137",True
"generated_7138",True
"generated_7139",True
"generated_7140",True
"generated_7141",True
"generated_7142",True
"generated_7143",True
"generated_7144",True
"generated_7145",True
"generated_7146",True
"generated_7147",True
"generated_7148",True
"generated_7149",True
"generated_7150",True
"generated_7151",True
"generated_7152",True
"generated_7153",True
"generated_7154",True
"generated_7155",True
"generated_7156",True
"generated_7157",True
"generated_7158",True
"generated_7159",True
"generated_7160",True
"generated_7161",True
"generated_7162",True
"generated_7163",True
"generated_7164",True
"generated_7165",True
"generated_7166",True
"generated_7167",True
"generated_7168",True
"generated_7169",True
"generated_7170",True
"generated_7171",True
"generated_7172",True
"generated_7173",True
"generated_7174",True
"generated_7175",True
"generated_7176",True
"generated_7177",True
"generated_7178",True
"generated_7179",True
"generated_7180",True
"generated_7181",True
"generated_7182",True
"generated_7183",True
"generated_7184",True
"generated_7185",True
"generated_7186",True
"generated_7187",True
"generated_7188",True
"generated_7189",True
"generated_7190",True
"generated_7191",True
"generated_7192",True
"generated_7193",True
"generated_7194",True
"generated_7195",True
"generated_7196",True
"generated_7197",True
"generated_7198",True
"generated_7199",True
"generated_7200",True
"generated_7201",True
"generated_7202",True
"generated_7203",True
"generated_7204",True
"generated_7205",True
"generated_7206",True
"generated_7207",True
"generated_7208",True
"generated_7209",True
"generated_7210",True
"generated_7211",True
"generated_7212",True
"generated_7213",True
"generated_7214",True
"generated_7215",True
"generated_7216",True
"generated_7217",True
"generated_7218",True
"generated_7219",True
"generated_7220",True
"generated_7221",True
"generated_7222",True
"generated_7223",True
"generated_7224",True
"generated_7225",True
"generated_7226",True
"generated_7227",True
"generated_7228",True
"generated_7229",True
"generated_7230",True
"generated_7231",True
"generated_7232",True
"generated_7233",True
"generated_7234",True
"generated_7235",True
"generated_7236",True
"generated_7237",True
"generated_7238",True
"generated_7239",True
"generated_7240",True
"generated_7241",True
"generated_7242",True
"generated_7243",True
"generated_7244",True
"generated_7245",True
"generated_7246",True
"generated_7247",True
"generated_7248",True
"generated_7249",True
"generated_7250",True
"generated_7251",True
"generated_7252",True
"generated_7253",True
"generated_7254",True
"generated_7255",True
"generated_7256",True
"generated_7257",True
"generated_7258",True
"generated_7259",True
"generated_7260",True
"generated_7261",True
"generated_7262",True
"generated_7263",True
"generated_7264",True
"generated_7265",True
"generated_7266",True
"generated_7267",True
"generated_7268",True
"generated_7269",True
"generated_7270",True
"generated_7271",True
"generated_7272",True
"generated_7273",True
"generated_7274",True
"generated_7275",True
"generated_7276",True
"generated_7277",True
"generated_7278",True
"generated_7279",True
"generated_7280",True
"generated_7281",True
"generated_7282",True
"generated_7283",True
"generated_7284",True
"generated_7285",True
"generated_7286",True
"generated_7287",True
"generated_7288",True
"generated_7289",True
"generated_7290",True
"generated_7291",True
"generated_7292",True
"generated_7293",True
"generated_7294",True
"generated_7295",True
"generated_7296",True
"generated_7297",True
"generated_7298",True
"generated_7299",True
"generated_7300",True
"generated_7301",True
"generated_7302",True
"generated_7303",True
"generated_7304",True
"generated_7305",True
"generated_7306",True
"generated_7307",True
"generated_7308",True
"generated_7309",True
"generated_7310",True
"generated_7311",True
"generated_7312",True
"generated_7313",True
"generated_7314",True
"generated_7315",True
"generated_7316",True
"generated_7317",True
"generated_7318",True
"generated_7319",True
"generated_7320",True
"generated_7321",True
"generated_7322",True
"generated_7323",True
"generated_7324",True
"generated_7325",True
"generated_7326",True
"generated_7327",True
"generated_7328",True
"generated_7329",True
"generated_7330",True
"generated_7331",True
"generated_7332",True
"generated_7333",True
"generated_7334",True
"generated_7335",True
"generated_7336",True
"generated_7337",True
"generated_7338",True
"generated_7339",True
"generated_7340",True
"generated_7341",True
"generated_7342",True
"generated_7343",True
"generated_7344",True
"generated_7345",True
"generated_7346",True
"generated_7347",True
"generated_7348",True
"generated_7349",True
"generated_7350",True
"generated_7351",True
"generated_7352",True
"generated_7353",True
"generated_7354",True
"generated_7355",True
"generated_7356",True
"generated_7357",True
"generated_7358",True
"generated_7359",True
"generated_7360",True
"generated_7361",True
"generated_7362",True
"generated_7363",True
"generated_7364",True
"generated_7365",True
"generated_7366",True
"generated_7367",True
"generated_7368",True
"generated_7369",True
"generated_7370",True
"generated_7371",True
"generated_7372",True
"generated_7373",True
"generated_7374",True
"generated_7375",True
"generated_7376",True
"generated_7377",True
"generated_7378",True
"generated_7379",True
"generated_7380",True
"generated_7381",True
"generated_7382",True
"generated_7383",True
"generated_7384",True
"generated_7385",True
"generated_7386",True
"generated_7387",True
"generated_7388",True
"generated_7389",True
"generated_7390",True
"generated_7391",True
"generated_7392",True
"generated_7393",True
"generated_7394",True
"generated_7395",True
"generated_7396",True
"generated_7397",True
"generated_7398",True
"generated_7399",True
"generated_7400",True
"generated_7401",True
"generated_7402",True
"generated_7403",True
"generated_7404",True
"generated_7405",True
"generated_7406",True
"generated_7407",True
"generated_7408",True
"generated_7409",True
"generated_7410",True
"generated_7411",True
"generated_7412",True
"generated_7413",True
"generated_7414",True
"generated_7415",True
"generated_7416",True
"generated_7417",True
"generated_7418",True
"generated_7419",True
"generated_7420",True
"generated_7421",True
"generated_7422",True
"generated_7423",True
"generated_7424",True
"generated_7425",True
"generated_7426",True
"generated_7427",True
"generated_7428",True
"generated_7429",True
"generated_7430",True
"generated_7431",True
"generated_7432",True
"generated_7433",True
"generated_7434",True
"generated_7435",True
"generated_7436",True
"generated_7437",True
"generated_7438",True
"generated_7439",True
"generated_7440",True
"generated_7441",True
"generated_7442",True
"generated_7443",True
"generated_7444",True
"generated_7445",True
"generated_7446",True
"generated_7447",True
"generated_7448",True
"generated_7449",True
"generated_7450",True
"generated_7451",True
"generated_7452",True
"generated_7453",True
"generated_7454",True
"generated_7455",True
"generated_7456",True
"generated_7457",True
"generated_7458",True
"generated_7459",True
"generated_7460",True
"generated_7461",True
"generated_7462",True
"generated_7463",True
"generated_7464",True
"generated_7465",True
"generated_7466",True
"generated_7467",True
"generated_7468",True
"generated_7469",True
"generated_7470",True
"generated_7471",True
"generated_7472",True
"generated_7473",True
"generated_7474",True
"generated_7475",True
"generated_7476",True
"generated_7477",True
"generated_7478",True
"generated_7479",True
"generated_7480",True
"generated_7481",True
"generated_7482",True
"generated_7483",True
"generated_7484",True
"generated_7485",True
"generated_7486",True
"generated_7487",True
"generated_7488",True
"generated_7489",True
"generated_7490",True
"generated_7491",True
"generated_7492",True
"generated_7493",True
"generated_7494",True
"generated_7495",True
"generated_7496",True
"generated_7497",True
"generated_7498",True
"generated_7499",True
"generated_7500",True
"generated_7501",True
"generated_7502",True
"generated_7503",True
"generated_7504",True
"generated_7505",True
"generated_7506",True
"generated_7507",True
"generated_7508",True
"generated_7509",True
"generated_7510",True
"generated_7511",True
"generated_7512",True
"generated_7513",True
"generated_7514",True
"generated_7515",True
"generated_7516",True
"generated_7517",True
"generated_7518",True
"generated_7519",True
"generated_7520",True
"generated_7521",True
"generated_7522",True
"generated_7523",True
"generated_7524",True
"generated_7525",True
"generated_7526",True
"generated_7527",True
"generated_7528",True
"generated_7529",True
"generated_7530",True
"generated_7531",True
"generated_7532",True
"generated_7533",True
"generated_7534",True
"generated_7535",True
"generated_7536",True
"generated_7537",True
"generated_7538",True
"generated_7539",True
"generated_7540",True
"generated_7541",True
"generated_7542",True
"generated_7543",True
"generated_7544",True
"generated_7545",True
"generated_7546",True
"generated_7547",True
"generated_7548",True
"generated_7549",True
"generated_7550",True
"generated_7551",True
"generated_7552",True
"generated_7553",True
"generated_7554",True
"generated_7555",True
"generated_7556",True
"generated_7557",True
"generated_7558",True
"generated_7559",True
"generated_7560",True
"generated_7561",True
"generated_7562",True
"generated_7563",True
"generated_7564",True
"generated_7565",True
"generated_7566",True
"generated_7567",True
"generated_7568",True
"generated_7569",True
"generated_7570",True
"generated_7571",True
"generated_7572",True
"generated_7573",True
"generated_7574",True
"generated_7575",True
"generated_7576",True
"generated_7577",True
"generated_7578",True
"generated_7579",True
"generated_7580",True
"generated_7581",True
"generated_7582",True
"generated_7583",True
"generated_7584",True
"generated_7585",True
"generated_7586",True
"generated_7587",True
"generated_7588",True
"generated_7589",True
"generated_7590",True
"generated_7591",True
"generated_7592",True
"generated_7593",True
"generated_7594",True
"generated_7595",True
"generated_7596",True
"generated_7597",True
"generated_7598",True
"generated_7599",True
"generated_7600",True
"generated_7601",True
"generated_7602",True
"generated_7603",True
"generated_7604",True
"generated_7605",True
"generated_7606",True
"generated_7607",True
"generated_7608",True
"generated_7609",True
"generated_7610",True
"generated_7611",True
"generated_7612",True
"generated_7613",True
"generated_7614",True
"generated_7615",True
"generated_7616",True
"generated_7617",True
"generated_7618",True
"generated_7619",True
"generated_7620",True
"generated_7621",True
"generated_7622",True
"generated_7623",True
"generated_7624",True
"generated_7625",True
"generated_7626",True
"generated_7627",True
"generated_7628",True
"generated_7629",True
"generated_7630",True
"generated_7631",True
"generated_7632",True
"generated_7633",True
"generated_7634",True
"generated_7635",True
"generated_7636",True
"generated_7637",True
"generated_7638",True
"generated_7639",True
"generated_7640",True
"generated_7641",True
"generated_7642",True
"generated_7643",True
"generated_7644",True
"generated_7645",True
"generated_7646",True
"generated_7647",True
"generated_7648",True
"generated_7649",True
"generated_7650",True
"generated_7651",True
"generated_7652",True
"generated_7653",True
"generated_7654",True
"generated_7655",True
"generated_7656",True
"generated_7657",True
"generated_7658",True
"generated_7659",True
"generated_7660",True
"generated_7661",True
"generated_7662",True
"generated_7663",True
"generated_7664",True
"generated_7665",True
"generated_7666",True
"generated_7667",True
"generated_7668",True
"generated_7669",True
"generated_7670",True
"generated_7671",True
"generated_7672",True
"generated_7673",True
"generated_7674",True
"generated_7675",True
"generated_7676",True
"generated_7677",True
"generated_7678",True
"generated_7679",True
"generated_7680",True
"generated_7681",True
"generated_7682",True
"generated_7683",True
"generated_7684",True
"generated_7685",True
"generated_7686",True
"generated_7687",True
"generated_7688",True
"generated_7689",True
"generated_7690",True
"generated_7691",True
"generated_7692",True
"generated_7693",True
"generated_7694",True
"generated_7695",True
"generated_7696",True
"generated_7697",True
"generated_7698",True
"generated_7699",True
"generated_7700",True
"generated_7701",True
"generated_7702",True
"generated_7703",True
"generated_7704",True
"generated_7705",True
"generated_7706",True
"generated_7707",True
"generated_7708",True
"generated_7709",True
"generated_7710",True
"generated_7711",True
"generated_7712",True
"generated_7713",True
"generated_7714",True
"generated_7715",True
"generated_7716",True
"generated_7717",True
"generated_7718",True
"generated_7719",True
"generated_7720",True
"generated_7721",True
"generated_7722",True
"generated_7723",True
"generated_7724",True
"generated_7725",True
"generated_7726",True
"generated_7727",True
"generated_7728",True
"generated_7729",True
"generated_7730",True
"generated_7731",True
"generated_7732",True
"generated_7733",True
"generated_7734",True
"generated_7735",True
"generated_7736",True
"generated_7737",True
"generated_7738",True
"generated_7739",True
"generated_7740",True
"generated_7741",True
"generated_7742",True
"generated_7743",True
"generated_7744",True
"generated_7745",True
"generated_7746",True
"generated_7747",True
"generated_7748",True
"generated_7749",True
"generated_7750",True
"generated_7751",True
"generated_7752",True
"generated_7753",True
"generated_7754",True
"generated_7755",True
"generated_7756",True
"generated_7757",True
"generated_7758",True
"generated_7759",True
"generated_7760",True
"generated_7761",True
"generated_7762",True
"generated_7763",True
"generated_7764",True
"generated_7765",True
"generated_7766",True
"generated_7767",True
"generated_7768",True
"generated_7769",True
"generated_7770",True
"generated_7771",True
"generated_7772",True
"generated_7773",True
"generated_7774",True
"generated_7775",True
"generated_7776",True
"generated_7777",True
"generated_7778",True
"generated_7779",True
"generated_7780",True
"generated_7781",True
"generated_7782",True
"generated_7783",True
"generated_7784",True
"generated_7785",True
"generated_7786",True
"generated_7787",True
"generated_7788",True
"generated_7789",True
"generated_7790",True
"generated_7791",True
"generated_7792",True
"generated_7793",True
"generated_7794",True
"generated_7795",True
"generated_7796",True
"generated_7797",True
"generated_7798",True
"generated_7799",True
"generated_7800",True
"generated_7801",True
"generated_7802",True
"generated_7803",True
"generated_7804",True
"generated_7805",True
"generated_7806",True
"generated_7807",True
"generated_7808",True
"generated_7809",True
"generated_7810",True
"generated_7811",True
"generated_7812",True
"generated_7813",True
"generated_7814",True
"generated_7815",True
"generated_7816",True
"generated_7817",True
"generated_7818",True
"generated_7819",True
"generated_7820",True
"generated_7821",True
"generated_7822",True
"generated_7823",True
"generated_7824",True
"generated_7825",True
"generated_7826",True
"generated_7827",True
"generated_7828",True
"generated_7829",True
"generated_7830",True
"generated_7831",True
"generated_7832",True
"generated_7833",True
"generated_7834",True
"generated_7835",True
"generated_7836",True
"generated_7837",True
"generated_7838",True
"generated_7839",True
"generated_7840",True
"generated_7841",True
"generated_7842",True
"generated_7843",True
"generated_7844",True
"generated_7845",True
"generated_7846",True
"generated_7847",True
"generated_7848",True
"generated_7849",True
"generated_7850",True
"generated_7851",True
"generated_7852",True
"generated_7853",True
"generated_7854",True
"generated_7855",True
"generated_7856",True
"generated_7857",True
"generated_7858",True
"generated_7859",True
"generated_7860",True
"generated_7861",True
"generated_7862",True
"generated_7863",True
"generated_7864",True
"generated_7865",True
"generated_7866",True
"generated_7867",True
"generated_7868",True
"generated_7869",True
"generated_7870",True
"generated_7871",True
"generated_7872",True
"generated_7873",True
"generated_7874",True
"generated_7875",True
"generated_7876",True
"generated_7877",True
"generated_7878",True
"generated_7879",True
"generated_7880",True
"generated_7881",True
"generated_7882",True
"generated_7883",True
"generated_7884",True
"generated_7885",True
"generated_7886",True
"generated_7887",True
"generated_7888",True
"generated_7889",True
"generated_7890",True
"generated_7891",True
"generated_7892",True
"generated_7893",True
"generated_7894",True
"generated_7895",True
"generated_7896",True
"generated_7897",True
"generated_7898",True
"generated_7899",True
"generated_7900",True
"generated_7901",True
"generated_7902",True
"generated_7903",True
"generated_7904",True
"generated_7905",True
"generated_7906",True
"generated_7907",True
"generated_7908",True
"generated_7909",True
"generated_7910",True
"generated_7911",True
"generated_7912",True
"generated_7913",True
"generated_7914",True
"generated_7915",True
"generated_7916",True
"generated_7917",True
"generated_7918",True
"generated_7919",True
"generated_7920",True
"generated_7921",True
"generated_7922",True
"generated_7923",True
"generated_7924",True
"generated_7925",True
"generated_7926",True
"generated_7927",True
"generated_7928",True
"generated_7929",True
"generated_7930",True
"generated_7931",True
"generated_7932",True
"generated_7933",True
"generated_7934",True
"generated_7935",True
"generated_7936",True
"generated_7937",True
"generated_7938",True
"generated_7939",True
"generated_7940",True
"generated_7941",True
"generated_7942",True
"generated_7943",True
"generated_7944",True
"generated_7945",True
"generated_7946",True
"generated_7947",True
"generated_7948",True
"generated_7949",True
"generated_7950",True
"generated_7951",True
"generated_7952",True
"generated_7953",True
"generated_7954",True
"generated_7955",True
"generated_7956",True
"generated_7957",True
"generated_7958",True
"generated_7959",True
"generated_7960",True
"generated_7961",True
"generated_7962",True
"generated_7963",True
"generated_7964",True
"generated_7965",True
"generated_7966",True
"generated_7967",True
"generated_7968",True
"generated_7969",True
"generated_7970",True
"generated_7971",True
"generated_7972",True
"generated_7973",True
"generated_7974",True
"generated_7975",True
"generated_7976",True
"generated_7977",True
"generated_7978",True
"generated_7979",True
"generated_7980",True
"generated_7981",True
"generated_7982",True
"generated_7983",True
"generated_7984",True
"generated_7985",True
"generated_7986",True
"generated_7987",True
"generated_7988",True
"generated_7989",True
"generated_7990",True
"generated_7991",True
"generated_7992",True
"generated_7993",True
"generated_7994",True
"generated_7995",True
"generated_7996",True
"generated_7997",True
"generated_7998",True
"generated_7999",True
"generated_8000",True
"generated_8001",True
"generated_8002",True
"generated_8003",True
"generated_8004",True
"generated_8005",True
"generated_8006",True
"generated_8007",True
"generated_8008",True
"generated_8009",True
"generated_8010",True
"generated_8011",True
"generated_8012",True
"generated_8013",True
"generated_8014",True
"generated_8015",True
"generated_8016",True
"generated_8017",True
"generated_8018",True
"generated_8019",True
"generated_8020",True
"generated_8021",True
"generated_8022",True
"generated_8023",True
"generated_8024",True
"generated_8025",True
"generated_8026",True
"generated_8027",True
"generated_8028",True
"generated_8029",True
"generated_8030",True
"generated_8031",True
"generated_8032",True
"generated_8033",True
"generated_8034",True
"generated_8035",True
"generated_8036",True
"generated_8037",True
"generated_8038",True
"generated_8039",True
"generated_8040",True
"generated_8041",True
"generated_8042",True
"generated_8043",True
"generated_8044",True
"generated_8045",True
"generated_8046",True
"generated_8047",True
"generated_8048",True
"generated_8049",True
"generated_8050",True
"generated_8051",True
"generated_8052",True
"generated_8053",True
"generated_8054",True
"generated_8055",True
"generated_8056",True
"generated_8057",True
"generated_8058",True
"generated_8059",True
"generated_8060",True
"generated_8061",True
"generated_8062",True
"generated_8063",True
"generated_8064",True
"generated_8065",True
"generated_8066",True
"generated_8067",True
"generated_8068",True
"generated_8069",True
"generated_8070",True
"generated_8071",True
"generated_8072",True
"generated_8073",True
"generated_8074",True
"generated_8075",True
"generated_8076",True
"generated_8077",True
"generated_8078",True
"generated_8079",True
"generated_8080",True
"generated_8081",True
"generated_8082",True
"generated_8083",True
"generated_8084",True
"generated_8085",True
"generated_8086",True
"generated_8087",True
"generated_8088",True
"generated_8089",True
"generated_8090",True
"generated_8091",True
"generated_8092",True
"generated_8093",True
"generated_8094",True
"generated_8095",True
"generated_8096",True
"generated_8097",True
"generated_8098",True
"generated_8099",True
"generated_8100",True
"generated_8101",True
"generated_8102",True
"generated_8103",True
"generated_8104",True
"generated_8105",True
"generated_8106",True
"generated_8107",True
"generated_8108",True
"generated_8109",True
"generated_8110",True
"generated_8111",True
"generated_8112",True
"generated_8113",True
"generated_8114",True
"generated_8115",True
"generated_8116",True
"generated_8117",True
"generated_8118",True
"generated_8119",True
"generated_8120",True
"generated_8121",True
"generated_8122",True
"generated_8123",True
"generated_8124",True
"generated_8125",True
"generated_8126",True
"generated_8127",True
"generated_8128",True
"generated_8129",True
"generated_8130",True
"generated_8131",True
"generated_8132",True
"generated_8133",True
"generated_8134",True
"generated_8135",True
"generated_8136",True
"generated_8137",True
"generated_8138",True
"generated_8139",True
"generated_8140",True
"generated_8141",True
"generated_8142",True
"generated_8143",True
"generated_8144",True
"generated_8145",True
"generated_8146",True
"generated_8147",True
"generated_8148",True
"generated_8149",True
"generated_8150",True
"generated_8151",True
"generated_8152",True
"generated_8153",True
"generated_8154",True
"generated_8155",True
"generated_8156",True
"generated_8157",True
"generated_8158",True
"generated_8159",True
"generated_8160",True
"generated_8161",True
"generated_8162",True
"generated_8163",True
"generated_8164",True
"generated_8165",True
"generated_8166",True
"generated_8167",True
"generated_8168",True
"generated_8169",True
"generated_8170",True
"generated_8171",True
"generated_8172",True
"generated_8173",True
"generated_8174",True
"generated_8175",True
"generated_8176",True
"generated_8177",True
"generated_8178",True
"generated_8179",True
"generated_8180",True
"generated_8181",True
"generated_8182",True
"generated_8183",True
"generated_8184",True
"generated_8185",True
"generated_8186",True
"generated_8187",True
"generated_8188",True
"generated_8189",True
"generated_8190",True
"generated_8191",True
"generated_8192",True
"generated_8193",True
"generated_8194",True
"generated_8195",True
"generated_8196",True
"generated_8197",True
"generated_8198",True
"generated_8199",True
"generated_8200",True
"generated_8201",True
"generated_8202",True
"generated_8203",True
"generated_8204",True
"generated_8205",True
"generated_8206",True
"generated_8207",True
"generated_8208",True
"generated_8209",True
"generated_8210",True
"generated_8211",True
"generated_8212",True
"generated_8213",True
"generated_8214",True
"generated_8215",True
"generated_8216",True
"generated_8217",True
"generated_8218",True
"generated_8219",True
"generated_8220",True
"generated_8221",True
"generated_8222",True
"generated_8223",True
"generated_8224",True
"generated_8225",True
"generated_8226",True
"generated_8227",True
"generated_8228",True
"generated_8229",True
"generated_8230",True
"generated_8231",True
"generated_8232",True
"generated_8233",True
"generated_8234",True
"generated_8235",True
"generated_8236",True
"generated_8237",True
"generated_8238",True
"generated_8239",True
"generated_8240",True
"generated_8241",True
"generated_8242",True
"generated_8243",True
"generated_8244",True
"generated_8245",True
"generated_8246",True
"generated_8247",True
"generated_8248",True
"generated_8249",True
"generated_8250",True
"generated_8251",True
"generated_8252",True
"generated_8253",True
"generated_8254",True
"generated_8255",True
"generated_8256",True
"generated_8257",True
"generated_8258",True
"generated_8259",True
"generated_8260",True
"generated_8261",True
"generated_8262",True
"generated_8263",True
"generated_8264",True
"generated_8265",True
"generated_8266",True
"generated_8267",True
"generated_8268",True
"generated_8269",True
"generated_8270",True
"generated_8271",True
"generated_8272",True
"generated_8273",True
"generated_8274",True
"generated_8275",True
"generated_8276",True
"generated_8277",True
"generated_8278",True
"generated_8279",True
"generated_8280",True
"generated_8281",True
"generated_8282",True
"generated_8283",True
"generated_8284",True
"generated_8285",True
"generated_8286",True
"generated_8287",True
"generated_8288",True
"generated_8289",True
"generated_8290",True
"generated_8291",True
"generated_8292",True
"generated_8293",True
"generated_8294",True
"generated_8295",True
"generated_8296",True
"generated_8297",True
"generated_8298",True
"generated_8299",True
"generated_8300",True
"generated_8301",True
"generated_8302",True
"generated_8303",True
"generated_8304",True
"generated_8305",True
"generated_8306",True
"generated_8307",True
"generated_8308",True
"generated_8309",True
"generated_8310",True
"generated_8311",True
"generated_8312",True
"generated_8313",True
"generated_8314",True
"generated_8315",True
"generated_8316",True
"generated_8317",True
"generated_8318",True
"generated_8319",True
"generated_8320",True
"generated_8321",True
"generated_8322",True
"generated_8323",True
"generated_8324",True
"generated_8325",True
"generated_8326",True
"generated_8327",True
"generated_8328",True
"generated_8329",True
"generated_8330",True
"generated_8331",True
"generated_8332",True
"generated_8333",True
"generated_8334",True
"generated_8335",True
"generated_8336",True
"generated_8337",True
"generated_8338",True
"generated_8339",True
"generated_8340",True
"generated_8341",True
"generated_8342",True
"generated_8343",True
"generated_8344",True
"generated_8345",True
"generated_8346",True
"generated_8347",True
"generated_8348",True
"generated_8349",True
"generated_8350",True
"generated_8351",True
"generated_8352",True
"generated_8353",True
"generated_8354",True
"generated_8355",True
"generated_8356",True
"generated_8357",True
"generated_8358",True
"generated_8359",True
"generated_8360",True
"generated_8361",True
"generated_8362",True
"generated_8363",True
"generated_8364",True
"generated_8365",True
"generated_8366",True
"generated_8367",True
"generated_8368",True
"generated_8369",True
"generated_8370",True
"generated_8371",True
"generated_8372",True
"generated_8373",True
"generated_8374",True
"generated_8375",True
"generated_8376",True
"generated_8377",True
"generated_8378",True
"generated_8379",True
"generated_8380",True
"generated_8381",True
"generated_8382",True
"generated_8383",True
"generated_8384",True
"generated_8385",True
"generated_8386",True
"generated_8387",True
"generated_8388",True
"generated_8389",True
"generated_8390",True
"generated_8391",True
"generated_8392",True
"generated_8393",True
"generated_8394",True
"generated_8395",True
"generated_8396",True
"generated_8397",True
"generated_8398",True
"generated_8399",True
"generated_8400",True
"generated_8401",True
"generated_8402",True
"generated_8403",True
"generated_8404",True
"generated_8405",True
"generated_8406",True
"generated_8407",True
"generated_8408",True
"generated_8409",True
"generated_8410",True
"generated_8411",True
"generated_8412",True
"generated_8413",True
"generated_8414",True
"generated_8415",True
"generated_8416",True
"generated_8417",True
"generated_8418",True
"generated_8419",True
"generated_8420",True
"generated_8421",True
"generated_8422",True
"generated_8423",True
"generated_8424",True
"generated_8425",True
"generated_8426",True
"generated_8427",True
"generated_8428",True
"generated_8429",True
"generated_8430",True
"generated_8431",True
"generated_8432",True
"generated_8433",True
"generated_8434",True
"generated_8435",True
"generated_8436",True
"generated_8437",True
"generated_8438",True
"generated_8439",True
"generated_8440",True
"generated_8441",True
"generated_8442",True
"generated_8443",True
"generated_8444",True
"generated_8445",True
"generated_8446",True
"generated_8447",True
"generated_8448",True
"generated_8449",True
"generated_8450",True
"generated_8451",True
"generated_8452",True
"generated_8453",True
"generated_8454",True
"generated_8455",True
"generated_8456",True
"generated_8457",True
"generated_8458",True
"generated_8459",True
"generated_8460",True
"generated_8461",True
"generated_8462",True
"generated_8463",True
"generated_8464",True
"generated_8465",True
"generated_8466",True
"generated_8467",True
"generated_8468",True
"generated_8469",True
"generated_8470",True
"generated_8471",True
"generated_8472",True
"generated_8473",True
"generated_8474",True
"generated_8475",True
"generated_8476",True
"generated_8477",True
"generated_8478",True
"generated_8479",True
"generated_8480",True
"generated_8481",True
"generated_8482",True
"generated_8483",True
"generated_8484",True
"generated_8485",True
"generated_8486",True
"generated_8487",True
"generated_8488",True
"generated_8489",True
"generated_8490",True
"generated_8491",True
"generated_8492",True
"generated_8493",True
"generated_8494",True
"generated_8495",True
"generated_8496",True
"generated_8497",True
"generated_8498",True
"generated_8499",True
"generated_8500",True
"generated_8501",True
"generated_8502",True
"generated_8503",True
"generated_8504",True
"generated_8505",True
"generated_8506",True
"generated_8507",True
"generated_8508",True
"generated_8509",True
"generated_8510",True
"generated_8511",True
"generated_8512",True
"generated_8513",True
"generated_8514",True
"generated_8515",True
"generated_8516",True
"generated_8517",True
"generated_8518",True
"generated_8519",True
"generated_8520",True
"generated_8521",True
"generated_8522",True
"generated_8523",True
"generated_8524",True
"generated_8525",True
"generated_8526",True
"generated_8527",True
"generated_8528",True
"generated_8529",True
"generated_8530",True
"generated_8531",True
"generated_8532",True
"generated_8533",True
"generated_8534",True
"generated_8535",True
"generated_8536",True
"generated_8537",True
"generated_8538",True
"generated_8539",True
"generated_8540",True
"generated_8541",True
"generated_8542",True
"generated_8543",True
"generated_8544",True
"generated_8545",True
"generated_8546",True
"generated_8547",True
"generated_8548",True
"generated_8549",True
"generated_8550",True
"generated_8551",True
"generated_8552",True
"generated_8553",True
"generated_8554",True
"generated_8555",True
"generated_8556",True
"generated_8557",True
"generated_8558",True
"generated_8559",True
"generated_8560",True
"generated_8561",True
"generated_8562",True
"generated_8563",True
"generated_8564",True
"generated_8565",True
"generated_8566",True
"generated_8567",True
"generated_8568",True
"generated_8569",True
"generated_8570",True
"generated_8571",True
"generated_8572",True
"generated_8573",True
"generated_8574",True
"generated_8575",True
"generated_8576",True
"generated_8577",True
"generated_8578",True
"generated_8579",True
"generated_8580",True
"generated_8581",True
"generated_8582",True
"generated_8583",True
"generated_8584",True
"generated_8585",True
"generated_8586",True
"generated_8587",True
"generated_8588",True
"generated_8589",True
"generated_8590",True
"generated_8591",True
"generated_8592",True
"generated_8593",True
"generated_8594",True
"generated_8595",True
"generated_8596",True
"generated_8597",True
"generated_8598",True
"generated_8599",True
"generated_8600",True
"generated_8601",True
"generated_8602",True
"generated_8603",True
"generated_8604",True
"generated_8605",True
"generated_8606",True
"generated_8607",True
"generated_8608",True
"generated_8609",True
"generated_8610",True
"generated_8611",True
"generated_8612",True
"generated_8613",True
"generated_8614",True
"generated_8615",True
"generated_8616",True
"generated_8617",True
"generated_8618",True
"generated_8619",True
"generated_8620",True
"generated_8621",True
"generated_8622",True
"generated_8623",True
"generated_8624",True
"generated_8625",True
"generated_8626",True
"generated_8627",True
"generated_8628",True
"generated_8629",True
"generated_8630",True
"generated_8631",True
"generated_8632",True
"generated_8633",True
"generated_8634",True
"generated_8635",True
"generated_8636",True
"generated_8637",True
"generated_8638",True
"generated_8639",True
"generated_8640",True
"generated_8641",True
"generated_8642",True
"generated_8643",True
"generated_8644",True
"generated_8645",True
"generated_8646",True
"generated_8647",True
"generated_8648",True
"generated_8649",True
"generated_8650",True
"generated_8651",True
"generated_8652",True
"generated_8653",True
"generated_8654",True
"generated_8655",True
"generated_8656",True
"generated_8657",True
"generated_8658",True
"generated_8659",True
"generated_8660",True
"generated_8661",True
"generated_8662",True
"generated_8663",True
"generated_8664",True
"generated_8665",True
"generated_8666",True
"generated_8667",True
"generated_8668",True
"generated_8669",True
"generated_8670",True
"generated_8671",True
"generated_8672",True
"generated_8673",True
"generated_8674",True
"generated_8675",True
"generated_8676",True
"generated_8677",True
"generated_8678",True
"generated_8679",True
"generated_8680",True
"generated_8681",True
"generated_8682",True
"generated_8683",True
"generated_8684",True
"generated_8685",True
"generated_8686",True
"generated_8687",True
"generated_8688",True
"generated_8689",True
"generated_8690",True
"generated_8691",True
"generated_8692",True
"generated_8693",True
"generated_8694",True
"generated_8695",True
"generated_8696",True
"generated_8697",True
"generated_8698",True
"generated_8699",True
"generated_8700",True
"generated_8701",True
"generated_8702",True
"generated_8703",True
"generated_8704",True
"generated_8705",True
"generated_8706",True
"generated_8707",True
"generated_8708",True
"generated_8709",True
"generated_8710",True
"generated_8711",True
"generated_8712",True
"generated_8713",True
"generated_8714",True
"generated_8715",True
"generated_8716",True
"generated_8717",True
"generated_8718",True
"generated_8719",True
"generated_8720",True
"generated_8721",True
"generated_8722",True
"generated_8723",True
"generated_8724",True
"generated_8725",True
"generated_8726",True
"generated_8727",True
"generated_8728",True
"generated_8729",True
"generated_8730",True
"generated_8731",True
"generated_8732",True
"generated_8733",True
"generated_8734",True
"generated_8735",True
"generated_8736",True
"generated_8737",True
"generated_8738",True
"generated_8739",True
"generated_8740",True
"generated_8741",True
"generated_8742",True
"generated_8743",True
"generated_8744",True
"generated_8745",True
"generated_8746",True
"generated_8747",True
"generated_8748",True
"generated_8749",True
"generated_8750",True
"generated_8751",True
"generated_8752",True
"generated_8753",True
"generated_8754",True
"generated_8755",True
"generated_8756",True
"generated_8757",True
"generated_8758",True
"generated_8759",True
"generated_8760",True
"generated_8761",True
"generated_8762",True
"generated_8763",True
"generated_8764",True
"generated_8765",True
"generated_8766",True
"generated_8767",True
"generated_8768",True
"generated_8769",True
"generated_8770",True
"generated_8771",True
"generated_8772",True
"generated_8773",True
"generated_8774",True
"generated_8775",True
"generated_8776",True
"generated_8777",True
"generated_8778",True
"generated_8779",True
"generated_8780",True
"generated_8781",True
"generated_8782",True
"generated_8783",True
"generated_8784",True
"generated_8785",True
"generated_8786",True
"generated_8787",True
"generated_8788",True
"generated_8789",True
"generated_8790",True
"generated_8791",True
"generated_8792",True
"generated_8793",True
"generated_8794",True
"generated_8795",True
"generated_8796",True
"generated_8797",True
"generated_8798",True
"generated_8799",True
"generated_8800",True
"generated_8801",True
"generated_8802",True
"generated_8803",True
"generated_8804",True
"generated_8805",True
"generated_8806",True
"generated_8807",True
"generated_8808",True
"generated_8809",True
"generated_8810",True
"generated_8811",True
"generated_8812",True
"generated_8813",True
"generated_8814",True
"generated_8815",True
"generated_8816",True
"generated_8817",True
"generated_8818",True
"generated_8819",True
"generated_8820",True
"generated_8821",True
"generated_8822",True
"generated_8823",True
"generated_8824",True
"generated_8825",True
"generated_8826",True
"generated_8827",True
"generated_8828",True
"generated_8829",True
"generated_8830",True
"generated_8831",True
"generated_8832",True
"generated_8833",True
"generated_8834",True
"generated_8835",True
"generated_8836",True
"generated_8837",True
"generated_8838",True
"generated_8839",True
"generated_8840",True
"generated_8841",True
"generated_8842",True
"generated_8843",True
"generated_8844",True
"generated_8845",True
"generated_8846",True
"generated_8847",True
"generated_8848",True
"generated_8849",True
"generated_8850",True
"generated_8851",True
"generated_8852",True
"generated_8853",True
"generated_8854",True
"generated_8855",True
"generated_8856",True
"generated_8857",True
"generated_8858",True
"generated_8859",True
"generated_8860",True
"generated_8861",True
"generated_8862",True
"generated_8863",True
"generated_8864",True
"generated_8865",True
"generated_8866",True
"generated_8867",True
"generated_8868",True
"generated_8869",True
"generated_8870",True
"generated_8871",True
"generated_8872",True
"generated_8873",True
"generated_8874",True
"generated_8875",True
"generated_8876",True
"generated_8877",True
"generated_8878",True
"generated_8879",True
"generated_8880",True
"generated_8881",True
"generated_8882",True
"generated_8883",True
"generated_8884",True
"generated_8885",True
"generated_8886",True
"generated_8887",True
"generated_8888",True
"generated_8889",True
"generated_8890",True
"generated_8891",True
"generated_8892",True
"generated_8893",True
"generated_8894",True
"generated_8895",True
"generated_8896",True
"generated_8897",True
"generated_8898",True
"generated_8899",True
"generated_8900",True
"generated_8901",True
"generated_8902",True
"generated_8903",True
"generated_8904",True
"generated_8905",True
"generated_8906",True
"generated_8907",True
"generated_8908",True
"generated_8909",True
"generated_8910",True
"generated_8911",True
"generated_8912",True
"generated_8913",True
"generated_8914",True
"generated_8915",True
"generated_8916",True
"generated_8917",True
"generated_8918",True
"generated_8919",True
"generated_8920",True
"generated_8921",True
"generated_8922",True
"generated_8923",True
"generated_8924",True
"generated_8925",True
"generated_8926",True
"generated_8927",True
"generated_8928",True
"generated_8929",True
"generated_8930",True
"generated_8931",True
"generated_8932",True
"generated_8933",True
"generated_8934",True
"generated_8935",True
"generated_8936",True
"generated_8937",True
"generated_8938",True
"generated_8939",True
"generated_8940",True
"generated_8941",True
"generated_8942",True
"generated_8943",True
"generated_8944",True
"generated_8945",True
"generated_8946",True
"generated_8947",True
"generated_8948",True
"generated_8949",True
"generated_8950",True
"generated_8951",True
"generated_8952",True
"generated_8953",True
"generated_8954",True
"generated_8955",True
"generated_8956",True
"generated_8957",True
"generated_8958",True
"generated_8959",True
"generated_8960",True
"generated_8961",True
"generated_8962",True
"generated_8963",True
"generated_8964",True
"generated_8965",True
"generated_8966",True
"generated_8967",True
"generated_8968",True
"generated_8969",True
"generated_8970",True
"generated_8971",True
"generated_8972",True
"generated_8973",True
"generated_8974",True
"generated_8975",True
"generated_8976",True
"generated_8977",True
"generated_8978",True
"generated_8979",True
"generated_8980",True
"generated_8981",True
"generated_8982",True
"generated_8983",True
"generated_8984",True
"generated_8985",True
"generated_8986",True
"generated_8987",True
"generated_8988",True
"generated_8989",True
"generated_8990",True
"generated_8991",True
"generated_8992",True
"generated_8993",True
"generated_8994",True
"generated_8995",True
"generated_8996",True
"generated_8997",True
"generated_8998",True
"generated_8999",True
"generated_9000",True
"generated_9001",True
"generated_9002",True
"generated_9003",True
"generated_9004",True
"generated_9005",True
"generated_9006",True
"generated_9007",True
"generated_9008",True
"generated_9009",True
"generated_9010",True
"generated_9011",True
"generated_9012",True
"generated_9013",True
"generated_9014",True
"generated_9015",True
"generated_9016",True
"generated_9017",True
"generated_9018",True
"generated_9019",True
"generated_9020",True
"generated_9021",True
"generated_9022",True
"generated_9023",True
"generated_9024",True
"generated_9025",True
"generated_9026",True
"generated_9027",True
"generated_9028",True
"generated_9029",True
"generated_9030",True
"generated_9031",True
"generated_9032",True
"generated_9033",True
"generated_9034",True
"generated_9035",True
"generated_9036",True
"generated_9037",True
"generated_9038",True
"generated_9039",True
"generated_9040",True
"generated_9041",True
"generated_9042",True
"generated_9043",True
"generated_9044",True
"generated_9045",True
"generated_9046",True
"generated_9047",True
"generated_9048",True
"generated_9049",True
"generated_9050",True
"generated_9051",True
"generated_9052",True
"generated_9053",True
"generated_9054",True
"generated_9055",True
"generated_9056",True
"generated_9057",True
"generated_9058",True
"generated_9059",True
"generated_9060",True
"generated_9061",True
"generated_9062",True
"generated_9063",True
"generated_9064",True
"generated_9065",True
"generated_9066",True
"generated_9067",True
"generated_9068",True
"generated_9069",True
"generated_9070",True
"generated_9071",True
"generated_9072",True
"generated_9073",True
"generated_9074",True
"generated_9075",True
"generated_9076",True
"generated_9077",True
"generated_9078",True
"generated_9079",True
"generated_9080",True
"generated_9081",True
"generated_9082",True
"generated_9083",True
"generated_9084",True
"generated_9085",True
"generated_9086",True
"generated_9087",True
"generated_9088",True
"generated_9089",True
"generated_9090",True
"generated_9091",True
"generated_9092",True
"generated_9093",True
"generated_9094",True
"generated_9095",True
"generated_9096",True
"generated_9097",True
"generated_9098",True
"generated_9099",True
"generated_9100",True
"generated_9101",True
"generated_9102",True
"generated_9103",True
"generated_9104",True
"generated_9105",True
"generated_9106",True
"generated_9107",True
"generated_9108",True
"generated_9109",True
"generated_9110",True
"generated_9111",True
"generated_9112",True
"generated_9113",True
"generated_9114",True
"generated_9115",True
"generated_9116",True
"generated_9117",True
"generated_9118",True
"generated_9119",True
"generated_9120",True
"generated_9121",True
"generated_9122",True
"generated_9123",True
"generated_9124",True
"generated_9125",True
"generated_9126",True
"generated_9127",True
"generated_9128",True
"generated_9129",True
"generated_9130",True
"generated_9131",True
"generated_9132",True
"generated_9133",True
"generated_9134",True
"generated_9135",True
"generated_9136",True
"generated_9137",True
"generated_9138",True
"generated_9139",True
"generated_9140",True
"generated_9141",True
"generated_9142",True
"generated_9143",True
"generated_9144",True
"generated_9145",True
"generated_9146",True
"generated_9147",True
"generated_9148",True
"generated_9149",True
"generated_9150",True
"generated_9151",True
"generated_9152",True
"generated_9153",True
"generated_9154",True
"generated_9155",True
"generated_9156",True
"generated_9157",True
"generated_9158",True
"generated_9159",True
"generated_9160",True
"generated_9161",True
"generated_9162",True
"generated_9163",True
"generated_9164",True
"generated_9165",True
"generated_9166",True
"generated_9167",True
"generated_9168",True
"generated_9169",True
"generated_9170",True
"generated_9171",True
"generated_9172",True
"generated_9173",True
"generated_9174",True
"generated_9175",True
"generated_9176",True
"generated_9177",True
"generated_9178",True
"generated_9179",True
"generated_9180",True
"generated_9181",True
"generated_9182",True
"generated_9183",True
"generated_9184",True
"generated_9185",True
"generated_9186",True
"generated_9187",True
"generated_9188",True
"generated_9189",True
"generated_9190",True
"generated_9191",True
"generated_9192",True
"generated_9193",True
"generated_9194",True
"generated_9195",True
"generated_9196",True
"generated_9197",True
"generated_9198",True
"generated_9199",True
"generated_9200",True
"generated_9201",True
"generated_9202",True
"generated_9203",True
"generated_9204",True
"generated_9205",True
"generated_9206",True
"generated_9207",True
"generated_9208",True
"generated_9209",True
"generated_9210",True
"generated_9211",True
"generated_9212",True
"generated_9213",True
"generated_9214",True
"generated_9215",True
"generated_9216",True
"generated_9217",True
"generated_9218",True
"generated_9219",True
"generated_9220",True
"generated_9221",True
"generated_9222",True
"generated_9223",True
"generated_9224",True
"generated_9225",True
"generated_9226",True
"generated_9227",True
"generated_9228",True
"generated_9229",True
"generated_9230",True
"generated_9231",True
"generated_9232",True
"generated_9233",True
"generated_9234",True
"generated_9235",True
"generated_9236",True
"generated_9237",True
"generated_9238",True
"generated_9239",True
"generated_9240",True
"generated_9241",True
"generated_9242",True
"generated_9243",True
"generated_9244",True
"generated_9245",True
"generated_9246",True
"generated_9247",True
"generated_9248",True
"generated_9249",True
"generated_9250",True
"generated_9251",True
"generated_9252",True
"generated_9253",True
"generated_9254",True
"generated_9255",True
"generated_9256",True
"generated_9257",True
"generated_9258",True
"generated_9259",True
"generated_9260",True
"generated_9261",True
"generated_9262",True
"generated_9263",True
"generated_9264",True
"generated_9265",True
"generated_9266",True
"generated_9267",True
"generated_9268",True
"generated_9269",True
"generated_9270",True
"generated_9271",True
"generated_9272",True
"generated_9273",True
"generated_9274",True
"generated_9275",True
"generated_9276",True
"generated_9277",True
"generated_9278",True
"generated_9279",True
"generated_9280",True
"generated_9281",True
"generated_9282",True
"generated_9283",True
"generated_9284",True
"generated_9285",True
"generated_9286",True
"generated_9287",True
"generated_9288",True
"generated_9289",True
"generated_9290",True
"generated_9291",True
"generated_9292",True
"generated_9293",True
"generated_9294",True
"generated_9295",True
"generated_9296",True
"generated_9297",True
"generated_9298",True
"generated_9299",True
"generated_9300",True
"generated_9301",True
"generated_9302",True
"generated_9303",True
"generated_9304",True
"generated_9305",True
"generated_9306",True
"generated_9307",True
"generated_9308",True
"generated_9309",True
"generated_9310",True
"generated_9311",True
"generated_9312",True
"generated_9313",True
"generated_9314",True
"generated_9315",True
"generated_9316",True
"generated_9317",True
"generated_9318",True
"generated_9319",True
"generated_9320",True
"generated_9321",True
"generated_9322",True
"generated_9323",True
"generated_9324",True
"generated_9325",True
"generated_9326",True
"generated_9327",True
"generated_9328",True
"generated_9329",True
"generated_9330",True
"generated_9331",True
"generated_9332",True
"generated_9333",True
"generated_9334",True
"generated_9335",True
"generated_9336",True
"generated_9337",True
"generated_9338",True
"generated_9339",True
"generated_9340",True
"generated_9341",True
"generated_9342",True
"generated_9343",True
"generated_9344",True
"generated_9345",True
"generated_9346",True
"generated_9347",True
"generated_9348",True
"generated_9349",True
"generated_9350",True
"generated_9351",True
"generated_9352",True
"generated_9353",True
"generated_9354",True
"generated_9355",True
"generated_9356",True
"generated_9357",True
"generated_9358",True
"generated_9359",True
"generated_9360",True
"generated_9361",True
"generated_9362",True
"generated_9363",True
"generated_9364",True
"generated_9365",True
"generated_9366",True
"generated_9367",True
"generated_9368",True
"generated_9369",True
"generated_9370",True
"generated_9371",True
"generated_9372",True
"generated_9373",True
"generated_9374",True
"generated_9375",True
"generated_9376",True
"generated_9377",True
"generated_9378",True
"generated_9379",True
"generated_9380",True
"generated_9381",True
"generated_9382",True
"generated_9383",True
"generated_9384",True
"generated_9385",True
"generated_9386",True
"generated_9387",True
"generated_9388",True
"generated_9389",True
"generated_9390",True
"generated_9391",True
"generated_9392",True
"generated_9393",True
"generated_9394",True
"generated_9395",True
"generated_9396",True
"generated_9397",True
"generated_9398",True
"generated_9399",True
"generated_9400",True
"generated_9401",True
"generated_9402",True
"generated_9403",True
"generated_9404",True
"generated_9405",True
"generated_9406",True
"generated_9407",True
"generated_9408",True
"generated_9409",True
"generated_9410",True
"generated_9411",True
"generated_9412",True
"generated_9413",True
"generated_9414",True
"generated_9415",True
"generated_9416",True
"generated_9417",True
"generated_9418",True
"generated_9419",True
"generated_9420",True
"generated_9421",True
"generated_9422",True
"generated_9423",True
"generated_9424",True
"generated_9425",True
"generated_9426",True
"generated_9427",True
"generated_9428",True
"generated_9429",True
"generated_9430",True
"generated_9431",True
"generated_9432",True
"generated_9433",True
"generated_9434",True
"generated_9435",True
"generated_9436",True
"generated_9437",True
"generated_9438",True
"generated_9439",True
"generated_9440",True
"generated_9441",True
"generated_9442",True
"generated_9443",True
"generated_9444",True
"generated_9445",True
"generated_9446",True
"generated_9447",True
"generated_9448",True
"generated_9449",True
"generated_9450",True
"generated_9451",True
"generated_9452",True
"generated_9453",True
"generated_9454",True
"generated_9455",True
"generated_9456",True
"generated_9457",True
"generated_9458",True
"generated_9459",True
"generated_9460",True
"generated_9461",True
"generated_9462",True
"generated_9463",True
"generated_9464",True
"generated_9465",True
"generated_9466",True
"generated_9467",True
"generated_9468",True
"generated_9469",True
"generated_9470",True
"generated_9471",True
"generated_9472",True
"generated_9473",True
"generated_9474",True
"generated_9475",True
"generated_9476",True
"generated_9477",True
"generated_9478",True
"generated_9479",True
"generated_9480",True
"generated_9481",True
"generated_9482",True
"generated_9483",True
"generated_9484",True
"generated_9485",True
"generated_9486",True
"generated_9487",True
"generated_9488",True
"generated_9489",True
"generated_9490",True
"generated_9491",True
"generated_9492",True
"generated_9493",True
"generated_9494",True
"generated_9495",True
"generated_9496",True
"generated_9497",True
"generated_9498",True
"generated_9499",True
"generated_9500",True
"generated_9501",True
"generated_9502",True
"generated_9503",True
"generated_9504",True
"generated_9505",True
"generated_9506",True
"generated_9507",True
"generated_9508",True
"generated_9509",True
"generated_9510",True
"generated_9511",True
"generated_9512",True
"generated_9513",True
"generated_9514",True
"generated_9515",True
"generated_9516",True
"generated_9517",True
"generated_9518",True
"generated_9519",True
"generated_9520",True
"generated_9521",True
"generated_9522",True
"generated_9523",True
"generated_9524",True
"generated_9525",True
"generated_9526",True
"generated_9527",True
"generated_9528",True
"generated_9529",True
"generated_9530",True
"generated_9531",True
"generated_9532",True
"generated_9533",True
"generated_9534",True
"generated_9535",True
"generated_9536",True
"generated_9537",True
"generated_9538",True
"generated_9539",True
"generated_9540",True
"generated_9541",True
"generated_9542",True
"generated_9543",True
"generated_9544",True
"generated_9545",True
"generated_9546",True
"generated_9547",True
"generated_9548",True
"generated_9549",True
"generated_9550",True
"generated_9551",True
"generated_9552",True
"generated_9553",True
"generated_9554",True
"generated_9555",True
"generated_9556",True
"generated_9557",True
"generated_9558",True
"generated_9559",True
"generated_9560",True
"generated_9561",True
"generated_9562",True
"generated_9563",True
"generated_9564",True
"generated_9565",True
"generated_9566",True
"generated_9567",True
"generated_9568",True
"generated_9569",True
"generated_9570",True
"generated_9571",True
"generated_9572",True
"generated_9573",True
"generated_9574",True
"generated_9575",True
"generated_9576",True
"generated_9577",True
"generated_9578",True
"generated_9579",True
"generated_9580",True
"generated_9581",True
"generated_9582",True
"generated_9583",True
"generated_9584",True
"generated_9585",True
"generated_9586",True
"generated_9587",True
"generated_9588",True
"generated_9589",True
"generated_9590",True
"generated_9591",True
"generated_9592",True
"generated_9593",True
"generated_9594",True
"generated_9595",True
"generated_9596",True
"generated_9597",True
"generated_9598",True
"generated_9599",True
"generated_9600",True
"generated_9601",True
"generated_9602",True
"generated_9603",True
"generated_9604",True
"generated_9605",True
"generated_9606",True
"generated_9607",True
"generated_9608",True
"generated_9609",True
"generated_9610",True
"generated_9611",True
"generated_9612",True
"generated_9613",True
"generated_9614",True
"generated_9615",True
"generated_9616",True
"generated_9617",True
"generated_9618",True
"generated_9619",True
"generated_9620",True
"generated_9621",True
"generated_9622",True
"generated_9623",True
"generated_9624",True
"generated_9625",True
"generated_9626",True
"generated_9627",True
"generated_9628",True
"generated_9629",True
"generated_9630",True
"generated_9631",True
"generated_9632",True
"generated_9633",True
"generated_9634",True
"generated_9635",True
"generated_9636",True
"generated_9637",True
"generated_9638",True
"generated_9639",True
"generated_9640",True
"generated_9641",True
"generated_9642",True
"generated_9643",True
"generated_9644",True
"generated_9645",True
"generated_9646",True
"generated_9647",True
"generated_9648",True
"generated_9649",True
"generated_9650",True
"generated_9651",True
"generated_9652",True
"generated_9653",True
"generated_9654",True
"generated_9655",True
"generated_9656",True
"generated_9657",True
"generated_9658",True
"generated_9659",True
"generated_9660",True
"generated_9661",True
"generated_9662",True
"generated_9663",True
"generated_9664",True
"generated_9665",True
"generated_9666",True
"generated_9667",True
"generated_9668",True
"generated_9669",True
"generated_9670",True
"generated_9671",True
"generated_9672",True
"generated_9673",True
"generated_9674",True
"generated_9675",True
"generated_9676",True
"generated_9677",True
"generated_9678",True
"generated_9679",True
"generated_9680",True
"generated_9681",True
"generated_9682",True
"generated_9683",True
"generated_9684",True
"generated_9685",True
"generated_9686",True
"generated_9687",True
"generated_9688",True
"generated_9689",True
"generated_9690",True
"generated_9691",True
"generated_9692",True
"generated_9693",True
"generated_9694",True
"generated_9695",True
"generated_9696",True
"generated_9697",True
"generated_9698",True
"generated_9699",True
"generated_9700",True
"generated_9701",True
"generated_9702",True
"generated_9703",True
"generated_9704",True
"generated_9705",True
"generated_9706",True
"generated_9707",True
"generated_9708",True
"generated_9709",True
"generated_9710",True
"generated_9711",True
"generated_9712",True
"generated_9713",True
"generated_9714",True
"generated_9715",True
"generated_9716",True
"generated_9717",True
"generated_9718",True
"generated_9719",True
"generated_9720",True
"generated_9721",True
"generated_9722",True
"generated_9723",True
"generated_9724",True
"generated_9725",True
"generated_9726",True
"generated_9727",True
"generated_9728",True
"generated_9729",True
"generated_9730",True
"generated_9731",True
"generated_9732",True
"generated_9733",True
"generated_9734",True
"generated_9735",True
"generated_9736",True
"generated_9737",True
"generated_9738",True
"generated_9739",True
"generated_9740",True
"generated_9741",True
"generated_9742",True
"generated_9743",True
"generated_9744",True
"generated_9745",True
"generated_9746",True
"generated_9747",True
"generated_9748",True
"generated_9749",True
"generated_9750",True
"generated_9751",True
"generated_9752",True
"generated_9753",True
"generated_9754",True
"generated_9755",True
"generated_9756",True
"generated_9757",True
"generated_9758",True
"generated_9759",True
"generated_9760",True
"generated_9761",True
"generated_9762",True
"generated_9763",True
"generated_9764",True
"generated_9765",True
"generated_9766",True
"generated_9767",True
"generated_9768",True
"generated_9769",True
"generated_9770",True
"generated_9771",True
"generated_9772",True
"generated_9773",True
"generated_9774",True
"generated_9775",True
"generated_9776",True
"generated_9777",True
"generated_9778",True
"generated_9779",True
"generated_9780",True
"generated_9781",True
"generated_9782",True
"generated_9783",True
"generated_9784",True
"generated_9785",True
"generated_9786",True
"generated_9787",True
"generated_9788",True
"generated_9789",True
"generated_9790",True
"generated_9791",True
"generated_9792",True
"generated_9793",True
"generated_9794",True
"generated_9795",True
"generated_9796",True
"generated_9797",True
"generated_9798",True
"generated_9799",True
"generated_9800",True
"generated_9801",True
"generated_9802",True
"generated_9803",True
"generated_9804",True
"generated_9805",True
"generated_9806",True
"generated_9807",True
"generated_9808",True
"generated_9809",True
"generated_9810",True
"generated_9811",True
"generated_9812",True
"generated_9813",True
"generated_9814",True
"generated_9815",True
"generated_9816",True
"generated_9817",True
"generated_9818",True
"generated_9819",True
"generated_9820",True
"generated_9821",True
"generated_9822",True
"generated_9823",True
"generated_9824",True
"generated_9825",True
"generated_9826",True
"generated_9827",True
"generated_9828",True
"generated_9829",True
"generated_9830",True
"generated_9831",True
"generated_9832",True
"generated_9833",True
"generated_9834",True
"generated_9835",True
"generated_9836",True
"generated_9837",True
"generated_9838",True
"generated_9839",True
"generated_9840",True
"generated_9841",True
"generated_9842",True
"generated_9843",True
"generated_9844",True
"generated_9845",True
"generated_9846",True
"generated_9847",True
"generated_9848",True
"generated_9849",True
"generated_9850",True
"generated_9851",True
"generated_9852",True
"generated_9853",True
"generated_9854",True
"generated_9855",True
"generated_9856",True
"generated_9857",True
"generated_9858",True
"generated_9859",True
"generated_9860",True
"generated_9861",True
"generated_9862",True
"generated_9863",True
"generated_9864",True
"generated_9865",True
"generated_9866",True
"generated_9867",True
"generated_9868",True
"generated_9869",True
"generated_9870",True
"generated_9871",True
"generated_9872",True
"generated_9873",True
"generated_9874",True
"generated_9875",True
"generated_9876",True
"generated_9877",True
"generated_9878",True
"generated_9879",True
"generated_9880",True
"generated_9881",True
"generated_9882",True
"generated_9883",True
"generated_9884",True
"generated_9885",True
"generated_9886",True
"generated_9887",True
"generated_9888",True
"generated_9889",True
"generated_9890",True
"generated_9891",True
"generated_9892",True
"generated_9893",True
"generated_9894",True
"generated_9895",True
"generated_9896",True
"generated_9897",True
"generated_9898",True
"generated_9899",True
"generated_9900",True
"generated_9901",True
"generated_9902",True
"generated_9903",True
"generated_9904",True
"generated_9905",True
"generated_9906",True
"generated_9907",True
"generated_9908",True
"generated_9909",True
"generated_9910",True
"generated_9911",True
"generated_9912",True
"generated_9913",True
"generated_9914",True
"generated_9915",True
"generated_9916",True
"generated_9917",True
"generated_9918",True
"generated_9919",True
"generated_9920",True
"generated_9921",True
"generated_9922",True
"generated_9923",True
"generated_9924",True
"generated_9925",True
"generated_9926",True
"generated_9927",True
"generated_9928",True
"generated_9929",True
"generated_9930",True
"generated_9931",True
"generated_9932",True
"generated_9933",True
"generated_9934",True
"generated_9935",True
"generated_9936",True
"generated_9937",True
"generated_9938",True
"generated_9939",True
"generated_9940",True
"generated_9941",True
"generated_9942",True
"generated_9943",True
"generated_9944",True
"generated_9945",True
"generated_9946",True
"generated_9947",True
"generated_9948",True
"generated_9949",True
"generated_9950",True
"generated_9951",True
"generated_9952",True
"generated_9953",True
"generated_9954",True
"generated_9955",True
"generated_9956",True
"generated_9957",True
"generated_9958",True
"generated_9959",True
"generated_9960",True
"generated_9961",True
"generated_9962",True
"generated_9963",True
"generated_9964",True
"generated_9965",True
"generated_9966",True
"generated_9967",True
"generated_9968",True
"generated_9969",True
"generated_9970",True
"generated_9971",True
"generated_9972",True
"generated_9973",True
"generated_9974",True
"generated_9975",True
"generated_9976",True
"generated_9977",True
"generated_9978",True
"generated_9979",True
"generated_9980",True
"generated_9981",True
"generated_9982",True
"generated_9983",True
"generated_9984",True
"generated_9985",True
"generated_9986",True
"generated_9987",True
"generated_9988",True
"generated_9989",True
"generated_9990",True
"generated_9991",True
"generated_9992",True
"generated_9993",True
"generated_9994",True
"generated_9995",True
"generated_9996",True
"generated_9997",True
"generated_9998",True
"generated_9999",True
